ISO-10303-21;
HEADER;
FILE_DESCRIPTION(('ViewDefinition [CoordinationView]'),'2;1');
FILE_NAME('','2026-09-02T03:14:12',(''),(''),'IfcOpenShell 0.8.5-1c5b825','IfcOpenShell 0.8.5-1c5b825','');
FILE_SCHEMA(('IFC2X3'));
ENDSEC;
DATA;
#1=IFCPERSON($,'Masti','Soheil',$,$,$,$,$);
#2=IFCORGANIZATION($,'AegisBIM Engineering',$,$,$);
#3=IFCPERSONANDORGANIZATION(#1,#2,$);
#4=IFCAPPLICATION(#2,'2026','AegisBIM Controller','AegisBIM');
#5=IFCOWNERHISTORY(#3,#4,.READWRITE.,.ADDED.,1788311652,#3,#4,1788311652);
#6=IFCPROJECT('0VYGXKVkj81Prr77Tj$n4C',#5,'Dublin Tech Hub - 7-Story Commercial Tower (mm)',$,$,$,$,(#15),#10);
#7=IFCSIUNIT(*,.LENGTHUNIT.,.MILLI.,.METRE.);
#8=IFCSIUNIT(*,.AREAUNIT.,$,.SQUARE_METRE.);
#9=IFCSIUNIT(*,.VOLUMEUNIT.,$,.CUBIC_METRE.);
#10=IFCUNITASSIGNMENT((#7,#8,#9));
#11=IFCCARTESIANPOINT((0.,0.,0.));
#12=IFCDIRECTION((0.,0.,1.));
#13=IFCDIRECTION((1.,0.,0.));
#14=IFCAXIS2PLACEMENT3D(#11,#12,#13);
#15=IFCGEOMETRICREPRESENTATIONCONTEXT($,'Model',3,1.0000000000000001E-05,#14,$);
#16=IFCGEOMETRICREPRESENTATIONSUBCONTEXT('Body','Model',*,*,*,*,#15,$,.MODEL_VIEW.,$);
#17=IFCOWNERHISTORY(#3,#4,.READWRITE.,.ADDED.,1788311652,#3,#4,1788311652);
#18=IFCSITE('0fh6vvx3v9o9OOFYj_LfVm',#17,'Silicon Docks Commercial Site, Dublin 2',$,$,$,$,$,.ELEMENT.,$,$,$,$,$);
#19=IFCOWNERHISTORY(#3,#4,.READWRITE.,.ADDED.,1788311652,#3,#4,1788311652);
#20=IFCRELAGGREGATES('3XZ7xapqTAEQ3_Ta_RlYqS',#19,$,$,#6,(#18));
#21=IFCOWNERHISTORY(#3,#4,.READWRITE.,.ADDED.,1788311652,#3,#4,1788311652);
#22=IFCBUILDING('3lOsPiSoH4sg7iilSn23M0',#21,'Dublin Tech Hub Tower',$,$,#29,$,$,.ELEMENT.,$,$,$);
#23=IFCOWNERHISTORY(#3,#4,.READWRITE.,.ADDED.,1788311652,#3,#4,1788311652);
#24=IFCRELAGGREGATES('0K9hDBV1f0_AyKfHjXvXU4',#23,$,$,#18,(#22));
#25=IFCCARTESIANPOINT((0.,0.,0.));
#26=IFCDIRECTION((0.,0.,1.));
#27=IFCDIRECTION((1.,0.,0.));
#28=IFCAXIS2PLACEMENT3D(#25,#26,#27);
#29=IFCLOCALPLACEMENT($,#28);
#30=IFCOWNERHISTORY(#3,#4,.READWRITE.,.MODIFIED.,1788311652,#3,#4,1788311652);
#31=IFCBUILDINGSTOREY('1kchDdwFj5xfrQGC48JQ5p',#30,'Level 0 - Ground Reception',$,$,#43,$,$,.ELEMENT.,0.);
#37=IFCOWNERHISTORY(#3,#4,.READWRITE.,.MODIFIED.,1788311652,#3,#4,1788311652);
#38=IFCRELAGGREGATES('3DzF2bPK51Oe0BdPTQKCFW',#37,$,$,#22,(#105,#69,#45,#81,#57,#93,#31));
#39=IFCCARTESIANPOINT((0.,0.,0.));
#40=IFCDIRECTION((0.,0.,1.));
#41=IFCDIRECTION((1.,0.,0.));
#42=IFCAXIS2PLACEMENT3D(#39,#40,#41);
#43=IFCLOCALPLACEMENT(#29,#42);
#44=IFCOWNERHISTORY(#3,#4,.READWRITE.,.MODIFIED.,1788311652,#3,#4,1788311652);
#45=IFCBUILDINGSTOREY('3C_Cqs9Nn2ExUbJG6rJGco',#44,'Level 1 - Commercial Retail',$,$,#55,$,$,.ELEMENT.,3800.);
#51=IFCCARTESIANPOINT((0.,0.,3800.));
#52=IFCDIRECTION((0.,0.,1.));
#53=IFCDIRECTION((1.,0.,0.));
#54=IFCAXIS2PLACEMENT3D(#51,#52,#53);
#55=IFCLOCALPLACEMENT(#29,#54);
#56=IFCOWNERHISTORY(#3,#4,.READWRITE.,.MODIFIED.,1788311652,#3,#4,1788311652);
#57=IFCBUILDINGSTOREY('3TWrVrprnAWeVI955M$iA6',#56,'Level 2 - Professional Services',$,$,#67,$,$,.ELEMENT.,7600.);
#63=IFCCARTESIANPOINT((0.,0.,7600.));
#64=IFCDIRECTION((0.,0.,1.));
#65=IFCDIRECTION((1.,0.,0.));
#66=IFCAXIS2PLACEMENT3D(#63,#64,#65);
#67=IFCLOCALPLACEMENT(#29,#66);
#68=IFCOWNERHISTORY(#3,#4,.READWRITE.,.MODIFIED.,1788311652,#3,#4,1788311652);
#69=IFCBUILDINGSTOREY('2kjAkGnH95Agbt8SYIQq5C',#68,'Level 3 - Enterprise HQ & MDF Data Center',$,$,#79,$,$,.ELEMENT.,11400.);
#75=IFCCARTESIANPOINT((0.,0.,11400.));
#76=IFCDIRECTION((0.,0.,1.));
#77=IFCDIRECTION((1.,0.,0.));
#78=IFCAXIS2PLACEMENT3D(#75,#76,#77);
#79=IFCLOCALPLACEMENT(#29,#78);
#80=IFCOWNERHISTORY(#3,#4,.READWRITE.,.MODIFIED.,1788311652,#3,#4,1788311652);
#81=IFCBUILDINGSTOREY('3ak6JhW6b98OFVNa2EO7F2',#80,'Level 4 - Agile Tech Hub & IDF',$,$,#91,$,$,.ELEMENT.,15200.);
#87=IFCCARTESIANPOINT((0.,0.,15200.));
#88=IFCDIRECTION((0.,0.,1.));
#89=IFCDIRECTION((1.,0.,0.));
#90=IFCAXIS2PLACEMENT3D(#87,#88,#89);
#91=IFCLOCALPLACEMENT(#29,#90);
#92=IFCOWNERHISTORY(#3,#4,.READWRITE.,.MODIFIED.,1788311652,#3,#4,1788311652);
#93=IFCBUILDINGSTOREY('0$wdFg6fP0eeDk0j1fuXw6',#92,'Level 5 - Corporate Executive Suites',$,$,#103,$,$,.ELEMENT.,19000.);
#99=IFCCARTESIANPOINT((0.,0.,19000.));
#100=IFCDIRECTION((0.,0.,1.));
#101=IFCDIRECTION((1.,0.,0.));
#102=IFCAXIS2PLACEMENT3D(#99,#100,#101);
#103=IFCLOCALPLACEMENT(#29,#102);
#104=IFCOWNERHISTORY(#3,#4,.READWRITE.,.MODIFIED.,1788311652,#3,#4,1788311652);
#105=IFCBUILDINGSTOREY('0Sjlti7uL2axXppkguMC0z',#104,'Level 6 - Rooftop Plant & Chillers',$,$,#115,$,$,.ELEMENT.,22800.);
#111=IFCCARTESIANPOINT((0.,0.,22800.));
#112=IFCDIRECTION((0.,0.,1.));
#113=IFCDIRECTION((1.,0.,0.));
#114=IFCAXIS2PLACEMENT3D(#111,#112,#113);
#115=IFCLOCALPLACEMENT(#29,#114);
#116=IFCRECTANGLEPROFILEDEF(.AREA.,$,$,34000.,24000.);
#117=IFCCARTESIANPOINT((0.,0.,0.));
#118=IFCDIRECTION((0.,0.,1.));
#119=IFCDIRECTION((1.,0.,0.));
#120=IFCAXIS2PLACEMENT3D(#117,#118,#119);
#121=IFCDIRECTION((0.,0.,1.));
#122=IFCEXTRUDEDAREASOLID(#116,#120,#121,350.);
#123=IFCSHAPEREPRESENTATION(#16,'Body','SweptSolid',(#122));
#124=IFCPRODUCTDEFINITIONSHAPE($,$,(#123));
#125=IFCRECTANGLEPROFILEDEF(.AREA.,$,$,600.,600.);
#126=IFCCARTESIANPOINT((0.,0.,0.));
#127=IFCDIRECTION((0.,0.,1.));
#128=IFCDIRECTION((1.,0.,0.));
#129=IFCAXIS2PLACEMENT3D(#126,#127,#128);
#130=IFCDIRECTION((0.,0.,1.));
#131=IFCEXTRUDEDAREASOLID(#125,#129,#130,3450.);
#132=IFCSHAPEREPRESENTATION(#16,'Body','SweptSolid',(#131));
#133=IFCPRODUCTDEFINITIONSHAPE($,$,(#132));
#134=IFCRECTANGLEPROFILEDEF(.AREA.,$,$,6000.,250.);
#135=IFCCARTESIANPOINT((0.,0.,0.));
#136=IFCDIRECTION((0.,0.,1.));
#137=IFCDIRECTION((1.,0.,0.));
#138=IFCAXIS2PLACEMENT3D(#135,#136,#137);
#139=IFCDIRECTION((0.,0.,1.));
#140=IFCEXTRUDEDAREASOLID(#134,#138,#139,3450.);
#141=IFCSHAPEREPRESENTATION(#16,'Body','SweptSolid',(#140));
#142=IFCPRODUCTDEFINITIONSHAPE($,$,(#141));
#143=IFCRECTANGLEPROFILEDEF(.AREA.,$,$,100.,150.);
#144=IFCCARTESIANPOINT((0.,0.,0.));
#145=IFCDIRECTION((0.,0.,1.));
#146=IFCDIRECTION((1.,0.,0.));
#147=IFCAXIS2PLACEMENT3D(#144,#145,#146);
#148=IFCDIRECTION((0.,0.,1.));
#149=IFCEXTRUDEDAREASOLID(#143,#147,#148,3450.);
#150=IFCSHAPEREPRESENTATION(#16,'Body','SweptSolid',(#149));
#151=IFCPRODUCTDEFINITIONSHAPE($,$,(#150));
#152=IFCRECTANGLEPROFILEDEF(.AREA.,$,$,8000.,150.);
#153=IFCCARTESIANPOINT((0.,0.,0.));
#154=IFCDIRECTION((0.,0.,1.));
#155=IFCDIRECTION((1.,0.,0.));
#156=IFCAXIS2PLACEMENT3D(#153,#154,#155);
#157=IFCDIRECTION((0.,0.,1.));
#158=IFCEXTRUDEDAREASOLID(#152,#156,#157,3200.);
#159=IFCSHAPEREPRESENTATION(#16,'Body','SweptSolid',(#158));
#160=IFCPRODUCTDEFINITIONSHAPE($,$,(#159));
#161=IFCRECTANGLEPROFILEDEF(.AREA.,$,$,150.,6000.);
#162=IFCCARTESIANPOINT((0.,0.,0.));
#163=IFCDIRECTION((0.,0.,1.));
#164=IFCDIRECTION((1.,0.,0.));
#165=IFCAXIS2PLACEMENT3D(#162,#163,#164);
#166=IFCDIRECTION((0.,0.,1.));
#167=IFCEXTRUDEDAREASOLID(#161,#165,#166,3200.);
#168=IFCSHAPEREPRESENTATION(#16,'Body','SweptSolid',(#167));
#169=IFCPRODUCTDEFINITIONSHAPE($,$,(#168));
#170=IFCRECTANGLEPROFILEDEF(.AREA.,$,$,10000.,100.);
#171=IFCCARTESIANPOINT((0.,0.,0.));
#172=IFCDIRECTION((0.,0.,1.));
#173=IFCDIRECTION((1.,0.,0.));
#174=IFCAXIS2PLACEMENT3D(#171,#172,#173);
#175=IFCDIRECTION((0.,0.,1.));
#176=IFCEXTRUDEDAREASOLID(#170,#174,#175,3000.);
#177=IFCSHAPEREPRESENTATION(#16,'Body','SweptSolid',(#176));
#178=IFCPRODUCTDEFINITIONSHAPE($,$,(#177));
#179=IFCRECTANGLEPROFILEDEF(.AREA.,$,$,1600.,1200.);
#180=IFCCARTESIANPOINT((0.,0.,0.));
#181=IFCDIRECTION((0.,0.,1.));
#182=IFCDIRECTION((1.,0.,0.));
#183=IFCAXIS2PLACEMENT3D(#180,#181,#182);
#184=IFCDIRECTION((0.,0.,1.));
#185=IFCEXTRUDEDAREASOLID(#179,#183,#184,750.);
#186=IFCSHAPEREPRESENTATION(#16,'Body','SweptSolid',(#185));
#187=IFCPRODUCTDEFINITIONSHAPE($,$,(#186));
#188=IFCRECTANGLEPROFILEDEF(.AREA.,$,$,500.,500.);
#189=IFCCARTESIANPOINT((0.,0.,0.));
#190=IFCDIRECTION((0.,0.,1.));
#191=IFCDIRECTION((1.,0.,0.));
#192=IFCAXIS2PLACEMENT3D(#189,#190,#191);
#193=IFCDIRECTION((0.,0.,1.));
#194=IFCEXTRUDEDAREASOLID(#188,#192,#193,900.);
#195=IFCSHAPEREPRESENTATION(#16,'Body','SweptSolid',(#194));
#196=IFCPRODUCTDEFINITIONSHAPE($,$,(#195));
#197=IFCRECTANGLEPROFILEDEF(.AREA.,$,$,800.,1200.);
#198=IFCCARTESIANPOINT((0.,0.,0.));
#199=IFCDIRECTION((0.,0.,1.));
#200=IFCDIRECTION((1.,0.,0.));
#201=IFCAXIS2PLACEMENT3D(#198,#199,#200);
#202=IFCDIRECTION((0.,0.,1.));
#203=IFCEXTRUDEDAREASOLID(#197,#201,#202,2000.);
#204=IFCSHAPEREPRESENTATION(#16,'Body','SweptSolid',(#203));
#205=IFCPRODUCTDEFINITIONSHAPE($,$,(#204));
#206=IFCRECTANGLEPROFILEDEF(.AREA.,$,$,400.,1200.);
#207=IFCCARTESIANPOINT((0.,0.,0.));
#208=IFCDIRECTION((0.,0.,1.));
#209=IFCDIRECTION((1.,0.,0.));
#210=IFCAXIS2PLACEMENT3D(#207,#208,#209);
#211=IFCDIRECTION((0.,0.,1.));
#212=IFCEXTRUDEDAREASOLID(#206,#210,#211,2000.);
#213=IFCSHAPEREPRESENTATION(#16,'Body','SweptSolid',(#212));
#214=IFCPRODUCTDEFINITIONSHAPE($,$,(#213));
#215=IFCRECTANGLEPROFILEDEF(.AREA.,$,$,800.,400.);
#216=IFCCARTESIANPOINT((0.,0.,0.));
#217=IFCDIRECTION((0.,0.,1.));
#218=IFCDIRECTION((1.,0.,0.));
#219=IFCAXIS2PLACEMENT3D(#216,#217,#218);
#220=IFCDIRECTION((0.,0.,1.));
#221=IFCEXTRUDEDAREASOLID(#215,#219,#220,1600.);
#222=IFCSHAPEREPRESENTATION(#16,'Body','SweptSolid',(#221));
#223=IFCPRODUCTDEFINITIONSHAPE($,$,(#222));
#224=IFCRECTANGLEPROFILEDEF(.AREA.,$,$,30000.,500.);
#225=IFCCARTESIANPOINT((0.,0.,0.));
#226=IFCDIRECTION((0.,0.,1.));
#227=IFCDIRECTION((1.,0.,0.));
#228=IFCAXIS2PLACEMENT3D(#225,#226,#227);
#229=IFCDIRECTION((0.,0.,1.));
#230=IFCEXTRUDEDAREASOLID(#224,#228,#229,300.);
#231=IFCSHAPEREPRESENTATION(#16,'Body','SweptSolid',(#230));
#232=IFCPRODUCTDEFINITIONSHAPE($,$,(#231));
#233=IFCRECTANGLEPROFILEDEF(.AREA.,$,$,350.,18000.);
#234=IFCCARTESIANPOINT((0.,0.,0.));
#235=IFCDIRECTION((0.,0.,1.));
#236=IFCDIRECTION((1.,0.,0.));
#237=IFCAXIS2PLACEMENT3D(#234,#235,#236);
#238=IFCDIRECTION((0.,0.,1.));
#239=IFCEXTRUDEDAREASOLID(#233,#237,#238,250.);
#240=IFCSHAPEREPRESENTATION(#16,'Body','SweptSolid',(#239));
#241=IFCPRODUCTDEFINITIONSHAPE($,$,(#240));
#242=IFCRECTANGLEPROFILEDEF(.AREA.,$,$,32000.,350.);
#243=IFCCARTESIANPOINT((0.,0.,0.));
#244=IFCDIRECTION((0.,0.,1.));
#245=IFCDIRECTION((1.,0.,0.));
#246=IFCAXIS2PLACEMENT3D(#243,#244,#245);
#247=IFCDIRECTION((0.,0.,1.));
#248=IFCEXTRUDEDAREASOLID(#242,#246,#247,60.);
#249=IFCSHAPEREPRESENTATION(#16,'Body','SweptSolid',(#248));
#250=IFCPRODUCTDEFINITIONSHAPE($,$,(#249));
#251=IFCRECTANGLEPROFILEDEF(.AREA.,$,$,250.,250.);
#252=IFCCARTESIANPOINT((0.,0.,0.));
#253=IFCDIRECTION((0.,0.,1.));
#254=IFCDIRECTION((1.,0.,0.));
#255=IFCAXIS2PLACEMENT3D(#252,#253,#254);
#256=IFCDIRECTION((0.,0.,1.));
#257=IFCEXTRUDEDAREASOLID(#251,#255,#256,250.);
#258=IFCSHAPEREPRESENTATION(#16,'Body','SweptSolid',(#257));
#259=IFCPRODUCTDEFINITIONSHAPE($,$,(#258));
#260=IFCRECTANGLEPROFILEDEF(.AREA.,$,$,600.,600.);
#261=IFCCARTESIANPOINT((0.,0.,0.));
#262=IFCDIRECTION((0.,0.,1.));
#263=IFCDIRECTION((1.,0.,0.));
#264=IFCAXIS2PLACEMENT3D(#261,#262,#263);
#265=IFCDIRECTION((0.,0.,1.));
#266=IFCEXTRUDEDAREASOLID(#260,#264,#265,40.);
#267=IFCSHAPEREPRESENTATION(#16,'Body','SweptSolid',(#266));
#268=IFCPRODUCTDEFINITIONSHAPE($,$,(#267));
#269=IFCRECTANGLEPROFILEDEF(.AREA.,$,$,3200.,2200.);
#270=IFCCARTESIANPOINT((0.,0.,0.));
#271=IFCDIRECTION((0.,0.,1.));
#272=IFCDIRECTION((1.,0.,0.));
#273=IFCAXIS2PLACEMENT3D(#270,#271,#272);
#274=IFCDIRECTION((0.,0.,1.));
#275=IFCEXTRUDEDAREASOLID(#269,#273,#274,2400.);
#276=IFCSHAPEREPRESENTATION(#16,'Body','SweptSolid',(#275));
#277=IFCPRODUCTDEFINITIONSHAPE($,$,(#276));
#278=IFCOWNERHISTORY(#3,#4,.READWRITE.,.MODIFIED.,1788311652,#3,#4,1788311652);
#279=IFCSLAB('3GHVyzBhv5HRxhHvxJqWGn',#278,'RC_Slab_L0_350mm',$,$,#291,#124,$,$);
#285=IFCOWNERHISTORY(#3,#4,.READWRITE.,.MODIFIED.,1788311653,#3,#4,1788311652);
#286=IFCRELCONTAINEDINSPATIALSTRUCTURE('0qesha_Z58duzuPc6VjNL5',#285,$,$,(#689,#821,#449,#713,#317,#977,#581,#473,#845,#365,#341,#737,#605,#761,#1001,#497,#869,#389,#653,#629,#279,#521,#893,#785,#413,#917,#941,#545,#437,#569,#809,#701,#305,#677,#965,#461,#833,#353,#329,#617,#593,#725,#857,#377,#749,#989,#485,#509,#881,#401,#665,#641,#773,#533,#905,#425,#797,#293,#953,#557,#929),#31);
#287=IFCCARTESIANPOINT((0.,0.,0.));
#288=IFCDIRECTION((0.,0.,1.));
#289=IFCDIRECTION((1.,0.,0.));
#290=IFCAXIS2PLACEMENT3D(#287,#288,#289);
#291=IFCLOCALPLACEMENT(#43,#290);
#292=IFCOWNERHISTORY(#3,#4,.READWRITE.,.MODIFIED.,1788311652,#3,#4,1788311652);
#293=IFCWALL('3fM8V9ULL7jAk4BNAQD77Q',#292,'Core_North_L0',$,$,#303,#142,$);
#299=IFCCARTESIANPOINT((0.,3000.,350.));
#300=IFCDIRECTION((0.,0.,1.));
#301=IFCDIRECTION((1.,0.,0.));
#302=IFCAXIS2PLACEMENT3D(#299,#300,#301);
#303=IFCLOCALPLACEMENT(#43,#302);
#304=IFCOWNERHISTORY(#3,#4,.READWRITE.,.MODIFIED.,1788311652,#3,#4,1788311652);
#305=IFCWALL('3FQFJpt9T1DgCPSLkkrmVz',#304,'Core_South_L0',$,$,#315,#142,$);
#311=IFCCARTESIANPOINT((0.,-3000.,350.));
#312=IFCDIRECTION((0.,0.,1.));
#313=IFCDIRECTION((1.,0.,0.));
#314=IFCAXIS2PLACEMENT3D(#311,#312,#313);
#315=IFCLOCALPLACEMENT(#43,#314);
#316=IFCOWNERHISTORY(#3,#4,.READWRITE.,.MODIFIED.,1788311652,#3,#4,1788311652);
#317=IFCCOLUMN('30hJLFO3n7rgp7AXHRCTdm',#316,'RC_Col_L0_-15000.0_-10000.0',$,$,#327,#133,$);
#323=IFCCARTESIANPOINT((-15000.,-10000.,350.));
#324=IFCDIRECTION((0.,0.,1.));
#325=IFCDIRECTION((1.,0.,0.));
#326=IFCAXIS2PLACEMENT3D(#323,#324,#325);
#327=IFCLOCALPLACEMENT(#43,#326);
#328=IFCOWNERHISTORY(#3,#4,.READWRITE.,.MODIFIED.,1788311652,#3,#4,1788311652);
#329=IFCCOLUMN('35KQRCm4r4JhAqh7oj056Y',#328,'RC_Col_L0_-15000.0_-3500.0',$,$,#339,#133,$);
#335=IFCCARTESIANPOINT((-15000.,-3500.,350.));
#336=IFCDIRECTION((0.,0.,1.));
#337=IFCDIRECTION((1.,0.,0.));
#338=IFCAXIS2PLACEMENT3D(#335,#336,#337);
#339=IFCLOCALPLACEMENT(#43,#338);
#340=IFCOWNERHISTORY(#3,#4,.READWRITE.,.MODIFIED.,1788311652,#3,#4,1788311652);
#341=IFCCOLUMN('1xLObbrZX39vqTmqWgsn83',#340,'RC_Col_L0_-15000.0_3500.0',$,$,#351,#133,$);
#347=IFCCARTESIANPOINT((-15000.,3500.,350.));
#348=IFCDIRECTION((0.,0.,1.));
#349=IFCDIRECTION((1.,0.,0.));
#350=IFCAXIS2PLACEMENT3D(#347,#348,#349);
#351=IFCLOCALPLACEMENT(#43,#350);
#352=IFCOWNERHISTORY(#3,#4,.READWRITE.,.MODIFIED.,1788311652,#3,#4,1788311652);
#353=IFCCOLUMN('1egZgRlWDA$eaq7Fpc4c_g',#352,'RC_Col_L0_-15000.0_10000.0',$,$,#363,#133,$);
#359=IFCCARTESIANPOINT((-15000.,10000.,350.));
#360=IFCDIRECTION((0.,0.,1.));
#361=IFCDIRECTION((1.,0.,0.));
#362=IFCAXIS2PLACEMENT3D(#359,#360,#361);
#363=IFCLOCALPLACEMENT(#43,#362);
#364=IFCOWNERHISTORY(#3,#4,.READWRITE.,.MODIFIED.,1788311652,#3,#4,1788311652);
#365=IFCCOLUMN('1z1XHMAt5FTvUeZ3FX__AW',#364,'RC_Col_L0_-9000.0_-10000.0',$,$,#375,#133,$);
#371=IFCCARTESIANPOINT((-9000.,-10000.,350.));
#372=IFCDIRECTION((0.,0.,1.));
#373=IFCDIRECTION((1.,0.,0.));
#374=IFCAXIS2PLACEMENT3D(#371,#372,#373);
#375=IFCLOCALPLACEMENT(#43,#374);
#376=IFCOWNERHISTORY(#3,#4,.READWRITE.,.MODIFIED.,1788311652,#3,#4,1788311652);
#377=IFCCOLUMN('3S9wIKG4j6TAb5Ks3U2x6Z',#376,'RC_Col_L0_-9000.0_-3500.0',$,$,#387,#133,$);
#383=IFCCARTESIANPOINT((-9000.,-3500.,350.));
#384=IFCDIRECTION((0.,0.,1.));
#385=IFCDIRECTION((1.,0.,0.));
#386=IFCAXIS2PLACEMENT3D(#383,#384,#385);
#387=IFCLOCALPLACEMENT(#43,#386);
#388=IFCOWNERHISTORY(#3,#4,.READWRITE.,.MODIFIED.,1788311652,#3,#4,1788311652);
#389=IFCCOLUMN('1bZgNFaw96Oggrqz2Umjzw',#388,'RC_Col_L0_-9000.0_3500.0',$,$,#399,#133,$);
#395=IFCCARTESIANPOINT((-9000.,3500.,350.));
#396=IFCDIRECTION((0.,0.,1.));
#397=IFCDIRECTION((1.,0.,0.));
#398=IFCAXIS2PLACEMENT3D(#395,#396,#397);
#399=IFCLOCALPLACEMENT(#43,#398);
#400=IFCOWNERHISTORY(#3,#4,.READWRITE.,.MODIFIED.,1788311652,#3,#4,1788311652);
#401=IFCCOLUMN('2XI6zb9ab8FfgzzgxEDlbg',#400,'RC_Col_L0_-9000.0_10000.0',$,$,#411,#133,$);
#407=IFCCARTESIANPOINT((-9000.,10000.,350.));
#408=IFCDIRECTION((0.,0.,1.));
#409=IFCDIRECTION((1.,0.,0.));
#410=IFCAXIS2PLACEMENT3D(#407,#408,#409);
#411=IFCLOCALPLACEMENT(#43,#410);
#412=IFCOWNERHISTORY(#3,#4,.READWRITE.,.MODIFIED.,1788311652,#3,#4,1788311652);
#413=IFCCOLUMN('3EumE8EzXEdvPOOoWHnalH',#412,'RC_Col_L0_-3000.0_-10000.0',$,$,#423,#133,$);
#419=IFCCARTESIANPOINT((-3000.,-10000.,350.));
#420=IFCDIRECTION((0.,0.,1.));
#421=IFCDIRECTION((1.,0.,0.));
#422=IFCAXIS2PLACEMENT3D(#419,#420,#421);
#423=IFCLOCALPLACEMENT(#43,#422);
#424=IFCOWNERHISTORY(#3,#4,.READWRITE.,.MODIFIED.,1788311652,#3,#4,1788311652);
#425=IFCCOLUMN('1_EN9rkcX27eMhXv2nqGK1',#424,'RC_Col_L0_-3000.0_-3500.0',$,$,#435,#133,$);
#431=IFCCARTESIANPOINT((-3000.,-3500.,350.));
#432=IFCDIRECTION((0.,0.,1.));
#433=IFCDIRECTION((1.,0.,0.));
#434=IFCAXIS2PLACEMENT3D(#431,#432,#433);
#435=IFCLOCALPLACEMENT(#43,#434);
#436=IFCOWNERHISTORY(#3,#4,.READWRITE.,.MODIFIED.,1788311652,#3,#4,1788311652);
#437=IFCCOLUMN('0rs7$Ku7L37ByyX5fJEP8o',#436,'RC_Col_L0_-3000.0_3500.0',$,$,#447,#133,$);
#443=IFCCARTESIANPOINT((-3000.,3500.,350.));
#444=IFCDIRECTION((0.,0.,1.));
#445=IFCDIRECTION((1.,0.,0.));
#446=IFCAXIS2PLACEMENT3D(#443,#444,#445);
#447=IFCLOCALPLACEMENT(#43,#446);
#448=IFCOWNERHISTORY(#3,#4,.READWRITE.,.MODIFIED.,1788311652,#3,#4,1788311652);
#449=IFCCOLUMN('0yE5Jq$hXFdxuFT1qgPev3',#448,'RC_Col_L0_-3000.0_10000.0',$,$,#459,#133,$);
#455=IFCCARTESIANPOINT((-3000.,10000.,350.));
#456=IFCDIRECTION((0.,0.,1.));
#457=IFCDIRECTION((1.,0.,0.));
#458=IFCAXIS2PLACEMENT3D(#455,#456,#457);
#459=IFCLOCALPLACEMENT(#43,#458);
#460=IFCOWNERHISTORY(#3,#4,.READWRITE.,.MODIFIED.,1788311652,#3,#4,1788311652);
#461=IFCCOLUMN('31XZ0wwuT1BxzYo9hBPLN1',#460,'RC_Col_L0_3000.0_-10000.0',$,$,#471,#133,$);
#467=IFCCARTESIANPOINT((3000.,-10000.,350.));
#468=IFCDIRECTION((0.,0.,1.));
#469=IFCDIRECTION((1.,0.,0.));
#470=IFCAXIS2PLACEMENT3D(#467,#468,#469);
#471=IFCLOCALPLACEMENT(#43,#470);
#472=IFCOWNERHISTORY(#3,#4,.READWRITE.,.MODIFIED.,1788311652,#3,#4,1788311652);
#473=IFCCOLUMN('0LzCUZqALB$RthvfzVujcl',#472,'RC_Col_L0_3000.0_-3500.0',$,$,#483,#133,$);
#479=IFCCARTESIANPOINT((3000.,-3500.,350.));
#480=IFCDIRECTION((0.,0.,1.));
#481=IFCDIRECTION((1.,0.,0.));
#482=IFCAXIS2PLACEMENT3D(#479,#480,#481);
#483=IFCLOCALPLACEMENT(#43,#482);
#484=IFCOWNERHISTORY(#3,#4,.READWRITE.,.MODIFIED.,1788311652,#3,#4,1788311652);
#485=IFCCOLUMN('3iq9kSw$nCIwrFMnxqDfkt',#484,'RC_Col_L0_3000.0_3500.0',$,$,#495,#133,$);
#491=IFCCARTESIANPOINT((3000.,3500.,350.));
#492=IFCDIRECTION((0.,0.,1.));
#493=IFCDIRECTION((1.,0.,0.));
#494=IFCAXIS2PLACEMENT3D(#491,#492,#493);
#495=IFCLOCALPLACEMENT(#43,#494);
#496=IFCOWNERHISTORY(#3,#4,.READWRITE.,.MODIFIED.,1788311652,#3,#4,1788311652);
#497=IFCCOLUMN('1RxANinG93kw9mtIJhWppB',#496,'RC_Col_L0_3000.0_10000.0',$,$,#507,#133,$);
#503=IFCCARTESIANPOINT((3000.,10000.,350.));
#504=IFCDIRECTION((0.,0.,1.));
#505=IFCDIRECTION((1.,0.,0.));
#506=IFCAXIS2PLACEMENT3D(#503,#504,#505);
#507=IFCLOCALPLACEMENT(#43,#506);
#508=IFCOWNERHISTORY(#3,#4,.READWRITE.,.MODIFIED.,1788311652,#3,#4,1788311652);
#509=IFCCOLUMN('3LLMy2p9v7qfn9ksSWJvF$',#508,'RC_Col_L0_9000.0_-10000.0',$,$,#519,#133,$);
#515=IFCCARTESIANPOINT((9000.,-10000.,350.));
#516=IFCDIRECTION((0.,0.,1.));
#517=IFCDIRECTION((1.,0.,0.));
#518=IFCAXIS2PLACEMENT3D(#515,#516,#517);
#519=IFCLOCALPLACEMENT(#43,#518);
#520=IFCOWNERHISTORY(#3,#4,.READWRITE.,.MODIFIED.,1788311652,#3,#4,1788311652);
#521=IFCCOLUMN('2Bf0hvv9v4WPqhLyy24sx1',#520,'RC_Col_L0_9000.0_-3500.0',$,$,#531,#133,$);
#527=IFCCARTESIANPOINT((9000.,-3500.,350.));
#528=IFCDIRECTION((0.,0.,1.));
#529=IFCDIRECTION((1.,0.,0.));
#530=IFCAXIS2PLACEMENT3D(#527,#528,#529);
#531=IFCLOCALPLACEMENT(#43,#530);
#532=IFCOWNERHISTORY(#3,#4,.READWRITE.,.MODIFIED.,1788311652,#3,#4,1788311652);
#533=IFCCOLUMN('3SsOhFx3D8$BG4oAOCkEqw',#532,'RC_Col_L0_9000.0_3500.0',$,$,#543,#133,$);
#539=IFCCARTESIANPOINT((9000.,3500.,350.));
#540=IFCDIRECTION((0.,0.,1.));
#541=IFCDIRECTION((1.,0.,0.));
#542=IFCAXIS2PLACEMENT3D(#539,#540,#541);
#543=IFCLOCALPLACEMENT(#43,#542);
#544=IFCOWNERHISTORY(#3,#4,.READWRITE.,.MODIFIED.,1788311652,#3,#4,1788311652);
#545=IFCCOLUMN('1F7pRJAxv88fsZ$LjJKYAE',#544,'RC_Col_L0_9000.0_10000.0',$,$,#555,#133,$);
#551=IFCCARTESIANPOINT((9000.,10000.,350.));
#552=IFCDIRECTION((0.,0.,1.));
#553=IFCDIRECTION((1.,0.,0.));
#554=IFCAXIS2PLACEMENT3D(#551,#552,#553);
#555=IFCLOCALPLACEMENT(#43,#554);
#556=IFCOWNERHISTORY(#3,#4,.READWRITE.,.MODIFIED.,1788311652,#3,#4,1788311652);
#557=IFCCOLUMN('0A0RWtm55CABo37fRvTfRh',#556,'RC_Col_L0_15000.0_-10000.0',$,$,#567,#133,$);
#563=IFCCARTESIANPOINT((15000.,-10000.,350.));
#564=IFCDIRECTION((0.,0.,1.));
#565=IFCDIRECTION((1.,0.,0.));
#566=IFCAXIS2PLACEMENT3D(#563,#564,#565);
#567=IFCLOCALPLACEMENT(#43,#566);
#568=IFCOWNERHISTORY(#3,#4,.READWRITE.,.MODIFIED.,1788311652,#3,#4,1788311652);
#569=IFCCOLUMN('2vm0a$oVLC0BQ1uWqhK$V2',#568,'RC_Col_L0_15000.0_-3500.0',$,$,#579,#133,$);
#575=IFCCARTESIANPOINT((15000.,-3500.,350.));
#576=IFCDIRECTION((0.,0.,1.));
#577=IFCDIRECTION((1.,0.,0.));
#578=IFCAXIS2PLACEMENT3D(#575,#576,#577);
#579=IFCLOCALPLACEMENT(#43,#578);
#580=IFCOWNERHISTORY(#3,#4,.READWRITE.,.MODIFIED.,1788311652,#3,#4,1788311652);
#581=IFCCOLUMN('027ufxjPvA_8Y7oFsy6r4t',#580,'RC_Col_L0_15000.0_3500.0',$,$,#591,#133,$);
#587=IFCCARTESIANPOINT((15000.,3500.,350.));
#588=IFCDIRECTION((0.,0.,1.));
#589=IFCDIRECTION((1.,0.,0.));
#590=IFCAXIS2PLACEMENT3D(#587,#588,#589);
#591=IFCLOCALPLACEMENT(#43,#590);
#592=IFCOWNERHISTORY(#3,#4,.READWRITE.,.MODIFIED.,1788311652,#3,#4,1788311652);
#593=IFCCOLUMN('0pMga4RzbAWvGGQkFsT9K$',#592,'RC_Col_L0_15000.0_10000.0',$,$,#603,#133,$);
#599=IFCCARTESIANPOINT((15000.,10000.,350.));
#600=IFCDIRECTION((0.,0.,1.));
#601=IFCDIRECTION((1.,0.,0.));
#602=IFCAXIS2PLACEMENT3D(#599,#600,#601);
#603=IFCLOCALPLACEMENT(#43,#602);
#604=IFCOWNERHISTORY(#3,#4,.READWRITE.,.MODIFIED.,1788311652,#3,#4,1788311652);
#605=IFCMEMBER('3HXsrbi0L0sxDOTZw4vw$O',#604,'Mullion_N_L0_-16000',$,$,#615,#151,$);
#611=IFCCARTESIANPOINT((-16000.,12000.,350.));
#612=IFCDIRECTION((0.,0.,1.));
#613=IFCDIRECTION((1.,0.,0.));
#614=IFCAXIS2PLACEMENT3D(#611,#612,#613);
#615=IFCLOCALPLACEMENT(#43,#614);
#616=IFCOWNERHISTORY(#3,#4,.READWRITE.,.MODIFIED.,1788311652,#3,#4,1788311652);
#617=IFCMEMBER('2kVy8F3mvFNBAIzKDVp96w',#616,'Mullion_S_L0_-16000',$,$,#627,#151,$);
#623=IFCCARTESIANPOINT((-16000.,-12000.,350.));
#624=IFCDIRECTION((0.,0.,1.));
#625=IFCDIRECTION((1.,0.,0.));
#626=IFCAXIS2PLACEMENT3D(#623,#624,#625);
#627=IFCLOCALPLACEMENT(#43,#626);
#628=IFCOWNERHISTORY(#3,#4,.READWRITE.,.MODIFIED.,1788311652,#3,#4,1788311652);
#629=IFCMEMBER('1RbDYgg91CVwTmJL3r2kj1',#628,'Mullion_N_L0_-14000',$,$,#639,#151,$);
#635=IFCCARTESIANPOINT((-14000.,12000.,350.));
#636=IFCDIRECTION((0.,0.,1.));
#637=IFCDIRECTION((1.,0.,0.));
#638=IFCAXIS2PLACEMENT3D(#635,#636,#637);
#639=IFCLOCALPLACEMENT(#43,#638);
#640=IFCOWNERHISTORY(#3,#4,.READWRITE.,.MODIFIED.,1788311652,#3,#4,1788311652);
#641=IFCMEMBER('0SwBJCpmr2zumZF8HGuZe0',#640,'Mullion_S_L0_-14000',$,$,#651,#151,$);
#647=IFCCARTESIANPOINT((-14000.,-12000.,350.));
#648=IFCDIRECTION((0.,0.,1.));
#649=IFCDIRECTION((1.,0.,0.));
#650=IFCAXIS2PLACEMENT3D(#647,#648,#649);
#651=IFCLOCALPLACEMENT(#43,#650);
#652=IFCOWNERHISTORY(#3,#4,.READWRITE.,.MODIFIED.,1788311652,#3,#4,1788311652);
#653=IFCMEMBER('1B8GmBSd18PfsMYveAHxRZ',#652,'Mullion_N_L0_-12000',$,$,#663,#151,$);
#659=IFCCARTESIANPOINT((-12000.,12000.,350.));
#660=IFCDIRECTION((0.,0.,1.));
#661=IFCDIRECTION((1.,0.,0.));
#662=IFCAXIS2PLACEMENT3D(#659,#660,#661);
#663=IFCLOCALPLACEMENT(#43,#662);
#664=IFCOWNERHISTORY(#3,#4,.READWRITE.,.MODIFIED.,1788311652,#3,#4,1788311652);
#665=IFCMEMBER('2Qkx4VvALEwxfW3wq2poCM',#664,'Mullion_S_L0_-12000',$,$,#675,#151,$);
#671=IFCCARTESIANPOINT((-12000.,-12000.,350.));
#672=IFCDIRECTION((0.,0.,1.));
#673=IFCDIRECTION((1.,0.,0.));
#674=IFCAXIS2PLACEMENT3D(#671,#672,#673);
#675=IFCLOCALPLACEMENT(#43,#674);
#676=IFCOWNERHISTORY(#3,#4,.READWRITE.,.MODIFIED.,1788311653,#3,#4,1788311652);
#677=IFCMEMBER('1yff$YLgD5hPC8I9rorukn',#676,'Mullion_N_L0_-10000',$,$,#687,#151,$);
#683=IFCCARTESIANPOINT((-10000.,12000.,350.));
#684=IFCDIRECTION((0.,0.,1.));
#685=IFCDIRECTION((1.,0.,0.));
#686=IFCAXIS2PLACEMENT3D(#683,#684,#685);
#687=IFCLOCALPLACEMENT(#43,#686);
#688=IFCOWNERHISTORY(#3,#4,.READWRITE.,.MODIFIED.,1788311653,#3,#4,1788311653);
#689=IFCMEMBER('3qiGW4RVT9Oh3oVsyU5krT',#688,'Mullion_S_L0_-10000',$,$,#699,#151,$);
#695=IFCCARTESIANPOINT((-10000.,-12000.,350.));
#696=IFCDIRECTION((0.,0.,1.));
#697=IFCDIRECTION((1.,0.,0.));
#698=IFCAXIS2PLACEMENT3D(#695,#696,#697);
#699=IFCLOCALPLACEMENT(#43,#698);
#700=IFCOWNERHISTORY(#3,#4,.READWRITE.,.MODIFIED.,1788311653,#3,#4,1788311653);
#701=IFCMEMBER('1o34sTbd5A3fGUtKawUPXd',#700,'Mullion_N_L0_-8000',$,$,#711,#151,$);
#707=IFCCARTESIANPOINT((-8000.,12000.,350.));
#708=IFCDIRECTION((0.,0.,1.));
#709=IFCDIRECTION((1.,0.,0.));
#710=IFCAXIS2PLACEMENT3D(#707,#708,#709);
#711=IFCLOCALPLACEMENT(#43,#710);
#712=IFCOWNERHISTORY(#3,#4,.READWRITE.,.MODIFIED.,1788311653,#3,#4,1788311653);
#713=IFCMEMBER('17nCdS$4n8gPPOOdLSL9eO',#712,'Mullion_S_L0_-8000',$,$,#723,#151,$);
#719=IFCCARTESIANPOINT((-8000.,-12000.,350.));
#720=IFCDIRECTION((0.,0.,1.));
#721=IFCDIRECTION((1.,0.,0.));
#722=IFCAXIS2PLACEMENT3D(#719,#720,#721);
#723=IFCLOCALPLACEMENT(#43,#722);
#724=IFCOWNERHISTORY(#3,#4,.READWRITE.,.MODIFIED.,1788311653,#3,#4,1788311653);
#725=IFCMEMBER('1K8apx5LjBMBzRmp8ZaKOQ',#724,'Mullion_N_L0_-6000',$,$,#735,#151,$);
#731=IFCCARTESIANPOINT((-6000.,12000.,350.));
#732=IFCDIRECTION((0.,0.,1.));
#733=IFCDIRECTION((1.,0.,0.));
#734=IFCAXIS2PLACEMENT3D(#731,#732,#733);
#735=IFCLOCALPLACEMENT(#43,#734);
#736=IFCOWNERHISTORY(#3,#4,.READWRITE.,.MODIFIED.,1788311653,#3,#4,1788311653);
#737=IFCMEMBER('3cDisPXuP7j9vZuiElLigc',#736,'Mullion_S_L0_-6000',$,$,#747,#151,$);
#743=IFCCARTESIANPOINT((-6000.,-12000.,350.));
#744=IFCDIRECTION((0.,0.,1.));
#745=IFCDIRECTION((1.,0.,0.));
#746=IFCAXIS2PLACEMENT3D(#743,#744,#745);
#747=IFCLOCALPLACEMENT(#43,#746);
#748=IFCOWNERHISTORY(#3,#4,.READWRITE.,.MODIFIED.,1788311653,#3,#4,1788311653);
#749=IFCMEMBER('3FEQPBpzLB69y63AVIjKw$',#748,'Mullion_N_L0_-4000',$,$,#759,#151,$);
#755=IFCCARTESIANPOINT((-4000.,12000.,350.));
#756=IFCDIRECTION((0.,0.,1.));
#757=IFCDIRECTION((1.,0.,0.));
#758=IFCAXIS2PLACEMENT3D(#755,#756,#757);
#759=IFCLOCALPLACEMENT(#43,#758);
#760=IFCOWNERHISTORY(#3,#4,.READWRITE.,.MODIFIED.,1788311653,#3,#4,1788311653);
#761=IFCMEMBER('1i3kmCDIX0xf9B1nz1XpC4',#760,'Mullion_S_L0_-4000',$,$,#771,#151,$);
#767=IFCCARTESIANPOINT((-4000.,-12000.,350.));
#768=IFCDIRECTION((0.,0.,1.));
#769=IFCDIRECTION((1.,0.,0.));
#770=IFCAXIS2PLACEMENT3D(#767,#768,#769);
#771=IFCLOCALPLACEMENT(#43,#770);
#772=IFCOWNERHISTORY(#3,#4,.READWRITE.,.MODIFIED.,1788311653,#3,#4,1788311653);
#773=IFCMEMBER('1fdvAfsOXFLOYWiSK0zS3y',#772,'Mullion_N_L0_-2000',$,$,#783,#151,$);
#779=IFCCARTESIANPOINT((-2000.,12000.,350.));
#780=IFCDIRECTION((0.,0.,1.));
#781=IFCDIRECTION((1.,0.,0.));
#782=IFCAXIS2PLACEMENT3D(#779,#780,#781);
#783=IFCLOCALPLACEMENT(#43,#782);
#784=IFCOWNERHISTORY(#3,#4,.READWRITE.,.MODIFIED.,1788311653,#3,#4,1788311653);
#785=IFCMEMBER('0hdzj1wvT0ChMbSi8GNmL5',#784,'Mullion_S_L0_-2000',$,$,#795,#151,$);
#791=IFCCARTESIANPOINT((-2000.,-12000.,350.));
#792=IFCDIRECTION((0.,0.,1.));
#793=IFCDIRECTION((1.,0.,0.));
#794=IFCAXIS2PLACEMENT3D(#791,#792,#793);
#795=IFCLOCALPLACEMENT(#43,#794);
#796=IFCOWNERHISTORY(#3,#4,.READWRITE.,.MODIFIED.,1788311653,#3,#4,1788311653);
#797=IFCMEMBER('0vh0vQ2aTDD8JdjS8KPyfk',#796,'Mullion_N_L0_0',$,$,#807,#151,$);
#803=IFCCARTESIANPOINT((0.,12000.,350.));
#804=IFCDIRECTION((0.,0.,1.));
#805=IFCDIRECTION((1.,0.,0.));
#806=IFCAXIS2PLACEMENT3D(#803,#804,#805);
#807=IFCLOCALPLACEMENT(#43,#806);
#808=IFCOWNERHISTORY(#3,#4,.READWRITE.,.MODIFIED.,1788311653,#3,#4,1788311653);
#809=IFCMEMBER('1yw$IKlcr6SwDj5LVJ8b3C',#808,'Mullion_S_L0_0',$,$,#819,#151,$);
#815=IFCCARTESIANPOINT((0.,-12000.,350.));
#816=IFCDIRECTION((0.,0.,1.));
#817=IFCDIRECTION((1.,0.,0.));
#818=IFCAXIS2PLACEMENT3D(#815,#816,#817);
#819=IFCLOCALPLACEMENT(#43,#818);
#820=IFCOWNERHISTORY(#3,#4,.READWRITE.,.MODIFIED.,1788311653,#3,#4,1788311653);
#821=IFCMEMBER('1gBK3rzBT92OoP$htEQS3s',#820,'Mullion_N_L0_2000',$,$,#831,#151,$);
#827=IFCCARTESIANPOINT((2000.,12000.,350.));
#828=IFCDIRECTION((0.,0.,1.));
#829=IFCDIRECTION((1.,0.,0.));
#830=IFCAXIS2PLACEMENT3D(#827,#828,#829);
#831=IFCLOCALPLACEMENT(#43,#830);
#832=IFCOWNERHISTORY(#3,#4,.READWRITE.,.MODIFIED.,1788311653,#3,#4,1788311653);
#833=IFCMEMBER('05lHEf6KP7cete$T9J$uTV',#832,'Mullion_S_L0_2000',$,$,#843,#151,$);
#839=IFCCARTESIANPOINT((2000.,-12000.,350.));
#840=IFCDIRECTION((0.,0.,1.));
#841=IFCDIRECTION((1.,0.,0.));
#842=IFCAXIS2PLACEMENT3D(#839,#840,#841);
#843=IFCLOCALPLACEMENT(#43,#842);
#844=IFCOWNERHISTORY(#3,#4,.READWRITE.,.MODIFIED.,1788311653,#3,#4,1788311653);
#845=IFCMEMBER('0420t3qUn5$BLN$5CCt2yA',#844,'Mullion_N_L0_4000',$,$,#855,#151,$);
#851=IFCCARTESIANPOINT((4000.,12000.,350.));
#852=IFCDIRECTION((0.,0.,1.));
#853=IFCDIRECTION((1.,0.,0.));
#854=IFCAXIS2PLACEMENT3D(#851,#852,#853);
#855=IFCLOCALPLACEMENT(#43,#854);
#856=IFCOWNERHISTORY(#3,#4,.READWRITE.,.MODIFIED.,1788311653,#3,#4,1788311653);
#857=IFCMEMBER('2DKHfZFPfBJuZnrkqfPOiG',#856,'Mullion_S_L0_4000',$,$,#867,#151,$);
#863=IFCCARTESIANPOINT((4000.,-12000.,350.));
#864=IFCDIRECTION((0.,0.,1.));
#865=IFCDIRECTION((1.,0.,0.));
#866=IFCAXIS2PLACEMENT3D(#863,#864,#865);
#867=IFCLOCALPLACEMENT(#43,#866);
#868=IFCOWNERHISTORY(#3,#4,.READWRITE.,.MODIFIED.,1788311653,#3,#4,1788311653);
#869=IFCMEMBER('0D8wXE8Tz5qhYaAVzJtdT$',#868,'Mullion_N_L0_6000',$,$,#879,#151,$);
#875=IFCCARTESIANPOINT((6000.,12000.,350.));
#876=IFCDIRECTION((0.,0.,1.));
#877=IFCDIRECTION((1.,0.,0.));
#878=IFCAXIS2PLACEMENT3D(#875,#876,#877);
#879=IFCLOCALPLACEMENT(#43,#878);
#880=IFCOWNERHISTORY(#3,#4,.READWRITE.,.MODIFIED.,1788311653,#3,#4,1788311653);
#881=IFCMEMBER('31FGy2AOP08Q0vWNOc7O83',#880,'Mullion_S_L0_6000',$,$,#891,#151,$);
#887=IFCCARTESIANPOINT((6000.,-12000.,350.));
#888=IFCDIRECTION((0.,0.,1.));
#889=IFCDIRECTION((1.,0.,0.));
#890=IFCAXIS2PLACEMENT3D(#887,#888,#889);
#891=IFCLOCALPLACEMENT(#43,#890);
#892=IFCOWNERHISTORY(#3,#4,.READWRITE.,.MODIFIED.,1788311653,#3,#4,1788311653);
#893=IFCMEMBER('1OsrKcXoj71OoeqYMJ9Ob6',#892,'Mullion_N_L0_8000',$,$,#903,#151,$);
#899=IFCCARTESIANPOINT((8000.,12000.,350.));
#900=IFCDIRECTION((0.,0.,1.));
#901=IFCDIRECTION((1.,0.,0.));
#902=IFCAXIS2PLACEMENT3D(#899,#900,#901);
#903=IFCLOCALPLACEMENT(#43,#902);
#904=IFCOWNERHISTORY(#3,#4,.READWRITE.,.MODIFIED.,1788311653,#3,#4,1788311653);
#905=IFCMEMBER('21XnZOL5nFxvnorQMnytmm',#904,'Mullion_S_L0_8000',$,$,#915,#151,$);
#911=IFCCARTESIANPOINT((8000.,-12000.,350.));
#912=IFCDIRECTION((0.,0.,1.));
#913=IFCDIRECTION((1.,0.,0.));
#914=IFCAXIS2PLACEMENT3D(#911,#912,#913);
#915=IFCLOCALPLACEMENT(#43,#914);
#916=IFCOWNERHISTORY(#3,#4,.READWRITE.,.MODIFIED.,1788311653,#3,#4,1788311653);
#917=IFCMEMBER('0uZuEUiy52dPcrg$fZbBNd',#916,'Mullion_N_L0_10000',$,$,#927,#151,$);
#923=IFCCARTESIANPOINT((10000.,12000.,350.));
#924=IFCDIRECTION((0.,0.,1.));
#925=IFCDIRECTION((1.,0.,0.));
#926=IFCAXIS2PLACEMENT3D(#923,#924,#925);
#927=IFCLOCALPLACEMENT(#43,#926);
#928=IFCOWNERHISTORY(#3,#4,.READWRITE.,.MODIFIED.,1788311653,#3,#4,1788311653);
#929=IFCMEMBER('0m7q9DG7v5qwIJ9ZqcjdR7',#928,'Mullion_S_L0_10000',$,$,#939,#151,$);
#935=IFCCARTESIANPOINT((10000.,-12000.,350.));
#936=IFCDIRECTION((0.,0.,1.));
#937=IFCDIRECTION((1.,0.,0.));
#938=IFCAXIS2PLACEMENT3D(#935,#936,#937);
#939=IFCLOCALPLACEMENT(#43,#938);
#940=IFCOWNERHISTORY(#3,#4,.READWRITE.,.MODIFIED.,1788311653,#3,#4,1788311653);
#941=IFCMEMBER('2htmcasjLCwQPbmm7UgLqn',#940,'Mullion_N_L0_12000',$,$,#951,#151,$);
#947=IFCCARTESIANPOINT((12000.,12000.,350.));
#948=IFCDIRECTION((0.,0.,1.));
#949=IFCDIRECTION((1.,0.,0.));
#950=IFCAXIS2PLACEMENT3D(#947,#948,#949);
#951=IFCLOCALPLACEMENT(#43,#950);
#952=IFCOWNERHISTORY(#3,#4,.READWRITE.,.MODIFIED.,1788311653,#3,#4,1788311653);
#953=IFCMEMBER('2L9_COHqHDOuxoN_euJfiC',#952,'Mullion_S_L0_12000',$,$,#963,#151,$);
#959=IFCCARTESIANPOINT((12000.,-12000.,350.));
#960=IFCDIRECTION((0.,0.,1.));
#961=IFCDIRECTION((1.,0.,0.));
#962=IFCAXIS2PLACEMENT3D(#959,#960,#961);
#963=IFCLOCALPLACEMENT(#43,#962);
#964=IFCOWNERHISTORY(#3,#4,.READWRITE.,.MODIFIED.,1788311653,#3,#4,1788311653);
#965=IFCMEMBER('10nnjpGH9DTB89E7lmOxR4',#964,'Mullion_N_L0_14000',$,$,#975,#151,$);
#971=IFCCARTESIANPOINT((14000.,12000.,350.));
#972=IFCDIRECTION((0.,0.,1.));
#973=IFCDIRECTION((1.,0.,0.));
#974=IFCAXIS2PLACEMENT3D(#971,#972,#973);
#975=IFCLOCALPLACEMENT(#43,#974);
#976=IFCOWNERHISTORY(#3,#4,.READWRITE.,.MODIFIED.,1788311653,#3,#4,1788311653);
#977=IFCMEMBER('2VjykZ1Uz4fAqmIb15uFTw',#976,'Mullion_S_L0_14000',$,$,#987,#151,$);
#983=IFCCARTESIANPOINT((14000.,-12000.,350.));
#984=IFCDIRECTION((0.,0.,1.));
#985=IFCDIRECTION((1.,0.,0.));
#986=IFCAXIS2PLACEMENT3D(#983,#984,#985);
#987=IFCLOCALPLACEMENT(#43,#986);
#988=IFCOWNERHISTORY(#3,#4,.READWRITE.,.MODIFIED.,1788311653,#3,#4,1788311653);
#989=IFCMEMBER('0c9do6vlL77wgZROuDsLPK',#988,'Mullion_N_L0_16000',$,$,#999,#151,$);
#995=IFCCARTESIANPOINT((16000.,12000.,350.));
#996=IFCDIRECTION((0.,0.,1.));
#997=IFCDIRECTION((1.,0.,0.));
#998=IFCAXIS2PLACEMENT3D(#995,#996,#997);
#999=IFCLOCALPLACEMENT(#43,#998);
#1000=IFCOWNERHISTORY(#3,#4,.READWRITE.,.MODIFIED.,1788311653,#3,#4,1788311653);
#1001=IFCMEMBER('0IzHmvBQP33xEfhVCBF3SL',#1000,'Mullion_S_L0_16000',$,$,#1011,#151,$);
#1007=IFCCARTESIANPOINT((16000.,-12000.,350.));
#1008=IFCDIRECTION((0.,0.,1.));
#1009=IFCDIRECTION((1.,0.,0.));
#1010=IFCAXIS2PLACEMENT3D(#1007,#1008,#1009);
#1011=IFCLOCALPLACEMENT(#43,#1010);
#1012=IFCOWNERHISTORY(#3,#4,.READWRITE.,.MODIFIED.,1788311653,#3,#4,1788311653);
#1013=IFCSLAB('2DMzsdS91FcBM1o6P5SEoG',#1012,'RC_Slab_L1_350mm',$,$,#1025,#124,$,$);
#1019=IFCOWNERHISTORY(#3,#4,.READWRITE.,.MODIFIED.,1788311653,#3,#4,1788311653);
#1020=IFCRELCONTAINEDINSPATIALSTRUCTURE('0aUZJ3Cg11GAXcUlnhpxwe',#1019,$,$,(#1387,#1039,#1411,#1303,#1567,#1675,#1063,#1435,#1327,#1699,#1087,#1459,#1351,#1723,#1375,#1591,#1243,#1219,#1507,#1111,#1483,#1615,#1267,#1639,#1531,#1135,#1663,#1183,#1159,#1555,#1027,#1399,#1291,#1051,#1423,#1315,#1687,#1471,#1075,#1447,#1339,#1711,#1735,#1099,#1363,#1579,#1603,#1207,#1013,#1255,#1231,#1519,#1123,#1495,#1627,#1279,#1651,#1171,#1147,#1543,#1195),#45);
#1021=IFCCARTESIANPOINT((0.,0.,0.));
#1022=IFCDIRECTION((0.,0.,1.));
#1023=IFCDIRECTION((1.,0.,0.));
#1024=IFCAXIS2PLACEMENT3D(#1021,#1022,#1023);
#1025=IFCLOCALPLACEMENT(#55,#1024);
#1026=IFCOWNERHISTORY(#3,#4,.READWRITE.,.MODIFIED.,1788311653,#3,#4,1788311653);
#1027=IFCWALL('2ZMWLn_pLAKRu14l$9S48Q',#1026,'Core_North_L1',$,$,#1037,#142,$);
#1033=IFCCARTESIANPOINT((0.,3000.,350.00000000000006));
#1034=IFCDIRECTION((0.,0.,1.));
#1035=IFCDIRECTION((1.,0.,0.));
#1036=IFCAXIS2PLACEMENT3D(#1033,#1034,#1035);
#1037=IFCLOCALPLACEMENT(#55,#1036);
#1038=IFCOWNERHISTORY(#3,#4,.READWRITE.,.MODIFIED.,1788311653,#3,#4,1788311653);
#1039=IFCWALL('28z53U3JDCjAdX6mqqOC9l',#1038,'Core_South_L1',$,$,#1049,#142,$);
#1045=IFCCARTESIANPOINT((0.,-3000.,350.00000000000006));
#1046=IFCDIRECTION((0.,0.,1.));
#1047=IFCDIRECTION((1.,0.,0.));
#1048=IFCAXIS2PLACEMENT3D(#1045,#1046,#1047);
#1049=IFCLOCALPLACEMENT(#55,#1048);
#1050=IFCOWNERHISTORY(#3,#4,.READWRITE.,.MODIFIED.,1788311653,#3,#4,1788311653);
#1051=IFCCOLUMN('1CCnwAyUH1KhQflV4gaxP3',#1050,'RC_Col_L1_-15000.0_-10000.0',$,$,#1061,#133,$);
#1057=IFCCARTESIANPOINT((-15000.,-10000.,350.00000000000006));
#1058=IFCDIRECTION((0.,0.,1.));
#1059=IFCDIRECTION((1.,0.,0.));
#1060=IFCAXIS2PLACEMENT3D(#1057,#1058,#1059);
#1061=IFCLOCALPLACEMENT(#55,#1060);
#1062=IFCOWNERHISTORY(#3,#4,.READWRITE.,.MODIFIED.,1788311653,#3,#4,1788311653);
#1063=IFCCOLUMN('0qOhRW9LHF0xSA6OgL2W4D',#1062,'RC_Col_L1_-15000.0_-3500.0',$,$,#1073,#133,$);
#1069=IFCCARTESIANPOINT((-15000.,-3500.,350.00000000000006));
#1070=IFCDIRECTION((0.,0.,1.));
#1071=IFCDIRECTION((1.,0.,0.));
#1072=IFCAXIS2PLACEMENT3D(#1069,#1070,#1071);
#1073=IFCLOCALPLACEMENT(#55,#1072);
#1074=IFCOWNERHISTORY(#3,#4,.READWRITE.,.MODIFIED.,1788311653,#3,#4,1788311653);
#1075=IFCCOLUMN('2Z6NrlSLf7SwZoHj9R5up9',#1074,'RC_Col_L1_-15000.0_3500.0',$,$,#1085,#133,$);
#1081=IFCCARTESIANPOINT((-15000.,3500.,350.00000000000006));
#1082=IFCDIRECTION((0.,0.,1.));
#1083=IFCDIRECTION((1.,0.,0.));
#1084=IFCAXIS2PLACEMENT3D(#1081,#1082,#1083);
#1085=IFCLOCALPLACEMENT(#55,#1084);
#1086=IFCOWNERHISTORY(#3,#4,.READWRITE.,.MODIFIED.,1788311653,#3,#4,1788311653);
#1087=IFCCOLUMN('2Cl7aMPMH9DAldtdG4w4Vd',#1086,'RC_Col_L1_-15000.0_10000.0',$,$,#1097,#133,$);
#1093=IFCCARTESIANPOINT((-15000.,10000.,350.00000000000006));
#1094=IFCDIRECTION((0.,0.,1.));
#1095=IFCDIRECTION((1.,0.,0.));
#1096=IFCAXIS2PLACEMENT3D(#1093,#1094,#1095);
#1097=IFCLOCALPLACEMENT(#55,#1096);
#1098=IFCOWNERHISTORY(#3,#4,.READWRITE.,.MODIFIED.,1788311653,#3,#4,1788311653);
#1099=IFCCOLUMN('1YsfWPsT5Da91uN5vHXmit',#1098,'RC_Col_L1_-9000.0_-10000.0',$,$,#1109,#133,$);
#1105=IFCCARTESIANPOINT((-9000.,-10000.,350.00000000000006));
#1106=IFCDIRECTION((0.,0.,1.));
#1107=IFCDIRECTION((1.,0.,0.));
#1108=IFCAXIS2PLACEMENT3D(#1105,#1106,#1107);
#1109=IFCLOCALPLACEMENT(#55,#1108);
#1110=IFCOWNERHISTORY(#3,#4,.READWRITE.,.MODIFIED.,1788311653,#3,#4,1788311653);
#1111=IFCCOLUMN('0O_jybHpzD3Rj5P8CS4TJI',#1110,'RC_Col_L1_-9000.0_-3500.0',$,$,#1121,#133,$);
#1117=IFCCARTESIANPOINT((-9000.,-3500.,350.00000000000006));
#1118=IFCDIRECTION((0.,0.,1.));
#1119=IFCDIRECTION((1.,0.,0.));
#1120=IFCAXIS2PLACEMENT3D(#1117,#1118,#1119);
#1121=IFCLOCALPLACEMENT(#55,#1120);
#1122=IFCOWNERHISTORY(#3,#4,.READWRITE.,.MODIFIED.,1788311653,#3,#4,1788311653);
#1123=IFCCOLUMN('0KTuU7wDr3wRtnkftRSYAt',#1122,'RC_Col_L1_-9000.0_3500.0',$,$,#1133,#133,$);
#1129=IFCCARTESIANPOINT((-9000.,3500.,350.00000000000006));
#1130=IFCDIRECTION((0.,0.,1.));
#1131=IFCDIRECTION((1.,0.,0.));
#1132=IFCAXIS2PLACEMENT3D(#1129,#1130,#1131);
#1133=IFCLOCALPLACEMENT(#55,#1132);
#1134=IFCOWNERHISTORY(#3,#4,.READWRITE.,.MODIFIED.,1788311653,#3,#4,1788311653);
#1135=IFCCOLUMN('08ZLH4gun0TekRmdfjKljS',#1134,'RC_Col_L1_-9000.0_10000.0',$,$,#1145,#133,$);
#1141=IFCCARTESIANPOINT((-9000.,10000.,350.00000000000006));
#1142=IFCDIRECTION((0.,0.,1.));
#1143=IFCDIRECTION((1.,0.,0.));
#1144=IFCAXIS2PLACEMENT3D(#1141,#1142,#1143);
#1145=IFCLOCALPLACEMENT(#55,#1144);
#1146=IFCOWNERHISTORY(#3,#4,.READWRITE.,.MODIFIED.,1788311653,#3,#4,1788311653);
#1147=IFCCOLUMN('2VJ3d$mHXCDux93azIeph0',#1146,'RC_Col_L1_-3000.0_-10000.0',$,$,#1157,#133,$);
#1153=IFCCARTESIANPOINT((-3000.,-10000.,350.00000000000006));
#1154=IFCDIRECTION((0.,0.,1.));
#1155=IFCDIRECTION((1.,0.,0.));
#1156=IFCAXIS2PLACEMENT3D(#1153,#1154,#1155);
#1157=IFCLOCALPLACEMENT(#55,#1156);
#1158=IFCOWNERHISTORY(#3,#4,.READWRITE.,.MODIFIED.,1788311653,#3,#4,1788311653);
#1159=IFCCOLUMN('0rQ8cFaTrBR9OJUJV_D92n',#1158,'RC_Col_L1_-3000.0_-3500.0',$,$,#1169,#133,$);
#1165=IFCCARTESIANPOINT((-3000.,-3500.,350.00000000000006));
#1166=IFCDIRECTION((0.,0.,1.));
#1167=IFCDIRECTION((1.,0.,0.));
#1168=IFCAXIS2PLACEMENT3D(#1165,#1166,#1167);
#1169=IFCLOCALPLACEMENT(#55,#1168);
#1170=IFCOWNERHISTORY(#3,#4,.READWRITE.,.MODIFIED.,1788311653,#3,#4,1788311653);
#1171=IFCCOLUMN('0zuycQukTEehHAX1IzsbO9',#1170,'RC_Col_L1_-3000.0_3500.0',$,$,#1181,#133,$);
#1177=IFCCARTESIANPOINT((-3000.,3500.,350.00000000000006));
#1178=IFCDIRECTION((0.,0.,1.));
#1179=IFCDIRECTION((1.,0.,0.));
#1180=IFCAXIS2PLACEMENT3D(#1177,#1178,#1179);
#1181=IFCLOCALPLACEMENT(#55,#1180);
#1182=IFCOWNERHISTORY(#3,#4,.READWRITE.,.MODIFIED.,1788311653,#3,#4,1788311653);
#1183=IFCCOLUMN('2ij$g_uI969RmU22CY37E8',#1182,'RC_Col_L1_-3000.0_10000.0',$,$,#1193,#133,$);
#1189=IFCCARTESIANPOINT((-3000.,10000.,350.00000000000006));
#1190=IFCDIRECTION((0.,0.,1.));
#1191=IFCDIRECTION((1.,0.,0.));
#1192=IFCAXIS2PLACEMENT3D(#1189,#1190,#1191);
#1193=IFCLOCALPLACEMENT(#55,#1192);
#1194=IFCOWNERHISTORY(#3,#4,.READWRITE.,.MODIFIED.,1788311653,#3,#4,1788311653);
#1195=IFCCOLUMN('0FZc8e2Ub0bweFjrOmAbWi',#1194,'RC_Col_L1_3000.0_-10000.0',$,$,#1205,#133,$);
#1201=IFCCARTESIANPOINT((3000.,-10000.,350.00000000000006));
#1202=IFCDIRECTION((0.,0.,1.));
#1203=IFCDIRECTION((1.,0.,0.));
#1204=IFCAXIS2PLACEMENT3D(#1201,#1202,#1203);
#1205=IFCLOCALPLACEMENT(#55,#1204);
#1206=IFCOWNERHISTORY(#3,#4,.READWRITE.,.MODIFIED.,1788311653,#3,#4,1788311653);
#1207=IFCCOLUMN('0sWx11mdT5jRNwDwrMilvx',#1206,'RC_Col_L1_3000.0_-3500.0',$,$,#1217,#133,$);
#1213=IFCCARTESIANPOINT((3000.,-3500.,350.00000000000006));
#1214=IFCDIRECTION((0.,0.,1.));
#1215=IFCDIRECTION((1.,0.,0.));
#1216=IFCAXIS2PLACEMENT3D(#1213,#1214,#1215);
#1217=IFCLOCALPLACEMENT(#55,#1216);
#1218=IFCOWNERHISTORY(#3,#4,.READWRITE.,.MODIFIED.,1788311653,#3,#4,1788311653);
#1219=IFCCOLUMN('1gtCAB8sP26vyizRWCGHLY',#1218,'RC_Col_L1_3000.0_3500.0',$,$,#1229,#133,$);
#1225=IFCCARTESIANPOINT((3000.,3500.,350.00000000000006));
#1226=IFCDIRECTION((0.,0.,1.));
#1227=IFCDIRECTION((1.,0.,0.));
#1228=IFCAXIS2PLACEMENT3D(#1225,#1226,#1227);
#1229=IFCLOCALPLACEMENT(#55,#1228);
#1230=IFCOWNERHISTORY(#3,#4,.READWRITE.,.MODIFIED.,1788311653,#3,#4,1788311653);
#1231=IFCCOLUMN('0a5X5GN1vE$xv12lX9JYrk',#1230,'RC_Col_L1_3000.0_10000.0',$,$,#1241,#133,$);
#1237=IFCCARTESIANPOINT((3000.,10000.,350.00000000000006));
#1238=IFCDIRECTION((0.,0.,1.));
#1239=IFCDIRECTION((1.,0.,0.));
#1240=IFCAXIS2PLACEMENT3D(#1237,#1238,#1239);
#1241=IFCLOCALPLACEMENT(#55,#1240);
#1242=IFCOWNERHISTORY(#3,#4,.READWRITE.,.MODIFIED.,1788311653,#3,#4,1788311653);
#1243=IFCCOLUMN('1no36f_TP42QRP6jfAczmY',#1242,'RC_Col_L1_9000.0_-10000.0',$,$,#1253,#133,$);
#1249=IFCCARTESIANPOINT((9000.,-10000.,350.00000000000006));
#1250=IFCDIRECTION((0.,0.,1.));
#1251=IFCDIRECTION((1.,0.,0.));
#1252=IFCAXIS2PLACEMENT3D(#1249,#1250,#1251);
#1253=IFCLOCALPLACEMENT(#55,#1252);
#1254=IFCOWNERHISTORY(#3,#4,.READWRITE.,.MODIFIED.,1788311653,#3,#4,1788311653);
#1255=IFCCOLUMN('3qGrm50ODEXRZx8kaaTPZ9',#1254,'RC_Col_L1_9000.0_-3500.0',$,$,#1265,#133,$);
#1261=IFCCARTESIANPOINT((9000.,-3500.,350.00000000000006));
#1262=IFCDIRECTION((0.,0.,1.));
#1263=IFCDIRECTION((1.,0.,0.));
#1264=IFCAXIS2PLACEMENT3D(#1261,#1262,#1263);
#1265=IFCLOCALPLACEMENT(#55,#1264);
#1266=IFCOWNERHISTORY(#3,#4,.READWRITE.,.MODIFIED.,1788311653,#3,#4,1788311653);
#1267=IFCCOLUMN('3PwhL9VuLCJvuiROoBl2x5',#1266,'RC_Col_L1_9000.0_3500.0',$,$,#1277,#133,$);
#1273=IFCCARTESIANPOINT((9000.,3500.,350.00000000000006));
#1274=IFCDIRECTION((0.,0.,1.));
#1275=IFCDIRECTION((1.,0.,0.));
#1276=IFCAXIS2PLACEMENT3D(#1273,#1274,#1275);
#1277=IFCLOCALPLACEMENT(#55,#1276);
#1278=IFCOWNERHISTORY(#3,#4,.READWRITE.,.MODIFIED.,1788311653,#3,#4,1788311653);
#1279=IFCCOLUMN('3rQF6JZGHBr9h3m8lqnfSq',#1278,'RC_Col_L1_9000.0_10000.0',$,$,#1289,#133,$);
#1285=IFCCARTESIANPOINT((9000.,10000.,350.00000000000006));
#1286=IFCDIRECTION((0.,0.,1.));
#1287=IFCDIRECTION((1.,0.,0.));
#1288=IFCAXIS2PLACEMENT3D(#1285,#1286,#1287);
#1289=IFCLOCALPLACEMENT(#55,#1288);
#1290=IFCOWNERHISTORY(#3,#4,.READWRITE.,.MODIFIED.,1788311653,#3,#4,1788311653);
#1291=IFCCOLUMN('17X4CKCuz4WR6C05W73hM$',#1290,'RC_Col_L1_15000.0_-10000.0',$,$,#1301,#133,$);
#1297=IFCCARTESIANPOINT((15000.,-10000.,350.00000000000006));
#1298=IFCDIRECTION((0.,0.,1.));
#1299=IFCDIRECTION((1.,0.,0.));
#1300=IFCAXIS2PLACEMENT3D(#1297,#1298,#1299);
#1301=IFCLOCALPLACEMENT(#55,#1300);
#1302=IFCOWNERHISTORY(#3,#4,.READWRITE.,.MODIFIED.,1788311653,#3,#4,1788311653);
#1303=IFCCOLUMN('1JzPv9Iw10APUrf$Y6VVns',#1302,'RC_Col_L1_15000.0_-3500.0',$,$,#1313,#133,$);
#1309=IFCCARTESIANPOINT((15000.,-3500.,350.00000000000006));
#1310=IFCDIRECTION((0.,0.,1.));
#1311=IFCDIRECTION((1.,0.,0.));
#1312=IFCAXIS2PLACEMENT3D(#1309,#1310,#1311);
#1313=IFCLOCALPLACEMENT(#55,#1312);
#1314=IFCOWNERHISTORY(#3,#4,.READWRITE.,.MODIFIED.,1788311653,#3,#4,1788311653);
#1315=IFCCOLUMN('0BpF8lrAj3j8phAzM$1rqt',#1314,'RC_Col_L1_15000.0_3500.0',$,$,#1325,#133,$);
#1321=IFCCARTESIANPOINT((15000.,3500.,350.00000000000006));
#1322=IFCDIRECTION((0.,0.,1.));
#1323=IFCDIRECTION((1.,0.,0.));
#1324=IFCAXIS2PLACEMENT3D(#1321,#1322,#1323);
#1325=IFCLOCALPLACEMENT(#55,#1324);
#1326=IFCOWNERHISTORY(#3,#4,.READWRITE.,.MODIFIED.,1788311653,#3,#4,1788311653);
#1327=IFCCOLUMN('3KjFms5vTD6Qy92GSrj$ZV',#1326,'RC_Col_L1_15000.0_10000.0',$,$,#1337,#133,$);
#1333=IFCCARTESIANPOINT((15000.,10000.,350.00000000000006));
#1334=IFCDIRECTION((0.,0.,1.));
#1335=IFCDIRECTION((1.,0.,0.));
#1336=IFCAXIS2PLACEMENT3D(#1333,#1334,#1335);
#1337=IFCLOCALPLACEMENT(#55,#1336);
#1338=IFCOWNERHISTORY(#3,#4,.READWRITE.,.MODIFIED.,1788311653,#3,#4,1788311653);
#1339=IFCMEMBER('3grHBbTEz7$xXNrlBzfJ4K',#1338,'Mullion_N_L1_-16000',$,$,#1349,#151,$);
#1345=IFCCARTESIANPOINT((-16000.,12000.,350.00000000000006));
#1346=IFCDIRECTION((0.,0.,1.));
#1347=IFCDIRECTION((1.,0.,0.));
#1348=IFCAXIS2PLACEMENT3D(#1345,#1346,#1347);
#1349=IFCLOCALPLACEMENT(#55,#1348);
#1350=IFCOWNERHISTORY(#3,#4,.READWRITE.,.MODIFIED.,1788311653,#3,#4,1788311653);
#1351=IFCMEMBER('24Yr61DfzCzv4fQlZbUDSX',#1350,'Mullion_S_L1_-16000',$,$,#1361,#151,$);
#1357=IFCCARTESIANPOINT((-16000.,-12000.,350.00000000000006));
#1358=IFCDIRECTION((0.,0.,1.));
#1359=IFCDIRECTION((1.,0.,0.));
#1360=IFCAXIS2PLACEMENT3D(#1357,#1358,#1359);
#1361=IFCLOCALPLACEMENT(#55,#1360);
#1362=IFCOWNERHISTORY(#3,#4,.READWRITE.,.MODIFIED.,1788311653,#3,#4,1788311653);
#1363=IFCMEMBER('1hRzoFIXTFIuMOhyTz1xrL',#1362,'Mullion_N_L1_-14000',$,$,#1373,#151,$);
#1369=IFCCARTESIANPOINT((-14000.,12000.,350.00000000000006));
#1370=IFCDIRECTION((0.,0.,1.));
#1371=IFCDIRECTION((1.,0.,0.));
#1372=IFCAXIS2PLACEMENT3D(#1369,#1370,#1371);
#1373=IFCLOCALPLACEMENT(#55,#1372);
#1374=IFCOWNERHISTORY(#3,#4,.READWRITE.,.MODIFIED.,1788311653,#3,#4,1788311653);
#1375=IFCMEMBER('03eRxVL7f9DglcFC4uUoH9',#1374,'Mullion_S_L1_-14000',$,$,#1385,#151,$);
#1381=IFCCARTESIANPOINT((-14000.,-12000.,350.00000000000006));
#1382=IFCDIRECTION((0.,0.,1.));
#1383=IFCDIRECTION((1.,0.,0.));
#1384=IFCAXIS2PLACEMENT3D(#1381,#1382,#1383);
#1385=IFCLOCALPLACEMENT(#55,#1384);
#1386=IFCOWNERHISTORY(#3,#4,.READWRITE.,.MODIFIED.,1788311653,#3,#4,1788311653);
#1387=IFCMEMBER('1WA1oTupT0swcCumf3IpkN',#1386,'Mullion_N_L1_-12000',$,$,#1397,#151,$);
#1393=IFCCARTESIANPOINT((-12000.,12000.,350.00000000000006));
#1394=IFCDIRECTION((0.,0.,1.));
#1395=IFCDIRECTION((1.,0.,0.));
#1396=IFCAXIS2PLACEMENT3D(#1393,#1394,#1395);
#1397=IFCLOCALPLACEMENT(#55,#1396);
#1398=IFCOWNERHISTORY(#3,#4,.READWRITE.,.MODIFIED.,1788311653,#3,#4,1788311653);
#1399=IFCMEMBER('0tvEsCXnz5lf6rJSTd5leD',#1398,'Mullion_S_L1_-12000',$,$,#1409,#151,$);
#1405=IFCCARTESIANPOINT((-12000.,-12000.,350.00000000000006));
#1406=IFCDIRECTION((0.,0.,1.));
#1407=IFCDIRECTION((1.,0.,0.));
#1408=IFCAXIS2PLACEMENT3D(#1405,#1406,#1407);
#1409=IFCLOCALPLACEMENT(#55,#1408);
#1410=IFCOWNERHISTORY(#3,#4,.READWRITE.,.MODIFIED.,1788311653,#3,#4,1788311653);
#1411=IFCMEMBER('2eT3uanIz4evh$latV85VF',#1410,'Mullion_N_L1_-10000',$,$,#1421,#151,$);
#1417=IFCCARTESIANPOINT((-10000.,12000.,350.00000000000006));
#1418=IFCDIRECTION((0.,0.,1.));
#1419=IFCDIRECTION((1.,0.,0.));
#1420=IFCAXIS2PLACEMENT3D(#1417,#1418,#1419);
#1421=IFCLOCALPLACEMENT(#55,#1420);
#1422=IFCOWNERHISTORY(#3,#4,.READWRITE.,.MODIFIED.,1788311653,#3,#4,1788311653);
#1423=IFCMEMBER('16$OYexhbCb94t4ArxWo9v',#1422,'Mullion_S_L1_-10000',$,$,#1433,#151,$);
#1429=IFCCARTESIANPOINT((-10000.,-12000.,350.00000000000006));
#1430=IFCDIRECTION((0.,0.,1.));
#1431=IFCDIRECTION((1.,0.,0.));
#1432=IFCAXIS2PLACEMENT3D(#1429,#1430,#1431);
#1433=IFCLOCALPLACEMENT(#55,#1432);
#1434=IFCOWNERHISTORY(#3,#4,.READWRITE.,.MODIFIED.,1788311653,#3,#4,1788311653);
#1435=IFCMEMBER('1O7x7Mw7v2GOOzet8ViYl7',#1434,'Mullion_N_L1_-8000',$,$,#1445,#151,$);
#1441=IFCCARTESIANPOINT((-8000.,12000.,350.00000000000006));
#1442=IFCDIRECTION((0.,0.,1.));
#1443=IFCDIRECTION((1.,0.,0.));
#1444=IFCAXIS2PLACEMENT3D(#1441,#1442,#1443);
#1445=IFCLOCALPLACEMENT(#55,#1444);
#1446=IFCOWNERHISTORY(#3,#4,.READWRITE.,.MODIFIED.,1788311653,#3,#4,1788311653);
#1447=IFCMEMBER('3OkhNhsPn9_8rWwf5taKgF',#1446,'Mullion_S_L1_-8000',$,$,#1457,#151,$);
#1453=IFCCARTESIANPOINT((-8000.,-12000.,350.00000000000006));
#1454=IFCDIRECTION((0.,0.,1.));
#1455=IFCDIRECTION((1.,0.,0.));
#1456=IFCAXIS2PLACEMENT3D(#1453,#1454,#1455);
#1457=IFCLOCALPLACEMENT(#55,#1456);
#1458=IFCOWNERHISTORY(#3,#4,.READWRITE.,.MODIFIED.,1788311653,#3,#4,1788311653);
#1459=IFCMEMBER('0VVZisirDFpRyQkx9_sfr5',#1458,'Mullion_N_L1_-6000',$,$,#1469,#151,$);
#1465=IFCCARTESIANPOINT((-6000.,12000.,350.00000000000006));
#1466=IFCDIRECTION((0.,0.,1.));
#1467=IFCDIRECTION((1.,0.,0.));
#1468=IFCAXIS2PLACEMENT3D(#1465,#1466,#1467);
#1469=IFCLOCALPLACEMENT(#55,#1468);
#1470=IFCOWNERHISTORY(#3,#4,.READWRITE.,.MODIFIED.,1788311653,#3,#4,1788311653);
#1471=IFCMEMBER('2MZpKJUx58XRks3UbJBL_y',#1470,'Mullion_S_L1_-6000',$,$,#1481,#151,$);
#1477=IFCCARTESIANPOINT((-6000.,-12000.,350.00000000000006));
#1478=IFCDIRECTION((0.,0.,1.));
#1479=IFCDIRECTION((1.,0.,0.));
#1480=IFCAXIS2PLACEMENT3D(#1477,#1478,#1479);
#1481=IFCLOCALPLACEMENT(#55,#1480);
#1482=IFCOWNERHISTORY(#3,#4,.READWRITE.,.MODIFIED.,1788311653,#3,#4,1788311653);
#1483=IFCMEMBER('2Pv2gXpqz75g$YEx1thDjr',#1482,'Mullion_N_L1_-4000',$,$,#1493,#151,$);
#1489=IFCCARTESIANPOINT((-4000.,12000.,350.00000000000006));
#1490=IFCDIRECTION((0.,0.,1.));
#1491=IFCDIRECTION((1.,0.,0.));
#1492=IFCAXIS2PLACEMENT3D(#1489,#1490,#1491);
#1493=IFCLOCALPLACEMENT(#55,#1492);
#1494=IFCOWNERHISTORY(#3,#4,.READWRITE.,.MODIFIED.,1788311653,#3,#4,1788311653);
#1495=IFCMEMBER('0vBkKR7$rBzu_mf2fq$oRU',#1494,'Mullion_S_L1_-4000',$,$,#1505,#151,$);
#1501=IFCCARTESIANPOINT((-4000.,-12000.,350.00000000000006));
#1502=IFCDIRECTION((0.,0.,1.));
#1503=IFCDIRECTION((1.,0.,0.));
#1504=IFCAXIS2PLACEMENT3D(#1501,#1502,#1503);
#1505=IFCLOCALPLACEMENT(#55,#1504);
#1506=IFCOWNERHISTORY(#3,#4,.READWRITE.,.MODIFIED.,1788311653,#3,#4,1788311653);
#1507=IFCMEMBER('1wLGmdFkb78B6qmf7$FUui',#1506,'Mullion_N_L1_-2000',$,$,#1517,#151,$);
#1513=IFCCARTESIANPOINT((-2000.,12000.,350.00000000000006));
#1514=IFCDIRECTION((0.,0.,1.));
#1515=IFCDIRECTION((1.,0.,0.));
#1516=IFCAXIS2PLACEMENT3D(#1513,#1514,#1515);
#1517=IFCLOCALPLACEMENT(#55,#1516);
#1518=IFCOWNERHISTORY(#3,#4,.READWRITE.,.MODIFIED.,1788311653,#3,#4,1788311653);
#1519=IFCMEMBER('2fkrbr9R59YPOmVdb0pfkR',#1518,'Mullion_S_L1_-2000',$,$,#1529,#151,$);
#1525=IFCCARTESIANPOINT((-2000.,-12000.,350.00000000000006));
#1526=IFCDIRECTION((0.,0.,1.));
#1527=IFCDIRECTION((1.,0.,0.));
#1528=IFCAXIS2PLACEMENT3D(#1525,#1526,#1527);
#1529=IFCLOCALPLACEMENT(#55,#1528);
#1530=IFCOWNERHISTORY(#3,#4,.READWRITE.,.MODIFIED.,1788311653,#3,#4,1788311653);
#1531=IFCMEMBER('0K_hCfZCr6phPX1Z0$bQ0X',#1530,'Mullion_N_L1_0',$,$,#1541,#151,$);
#1537=IFCCARTESIANPOINT((0.,12000.,350.00000000000006));
#1538=IFCDIRECTION((0.,0.,1.));
#1539=IFCDIRECTION((1.,0.,0.));
#1540=IFCAXIS2PLACEMENT3D(#1537,#1538,#1539);
#1541=IFCLOCALPLACEMENT(#55,#1540);
#1542=IFCOWNERHISTORY(#3,#4,.READWRITE.,.MODIFIED.,1788311653,#3,#4,1788311653);
#1543=IFCMEMBER('3r_LM_1811EwUXR3Ocx9$S',#1542,'Mullion_S_L1_0',$,$,#1553,#151,$);
#1549=IFCCARTESIANPOINT((0.,-12000.,350.00000000000006));
#1550=IFCDIRECTION((0.,0.,1.));
#1551=IFCDIRECTION((1.,0.,0.));
#1552=IFCAXIS2PLACEMENT3D(#1549,#1550,#1551);
#1553=IFCLOCALPLACEMENT(#55,#1552);
#1554=IFCOWNERHISTORY(#3,#4,.READWRITE.,.MODIFIED.,1788311653,#3,#4,1788311653);
#1555=IFCMEMBER('2RSzbph1XBk9K0uIbj45K3',#1554,'Mullion_N_L1_2000',$,$,#1565,#151,$);
#1561=IFCCARTESIANPOINT((2000.,12000.,350.00000000000006));
#1562=IFCDIRECTION((0.,0.,1.));
#1563=IFCDIRECTION((1.,0.,0.));
#1564=IFCAXIS2PLACEMENT3D(#1561,#1562,#1563);
#1565=IFCLOCALPLACEMENT(#55,#1564);
#1566=IFCOWNERHISTORY(#3,#4,.READWRITE.,.MODIFIED.,1788311653,#3,#4,1788311653);
#1567=IFCMEMBER('01Vw21dfX9NQKOhKn70HFg',#1566,'Mullion_S_L1_2000',$,$,#1577,#151,$);
#1573=IFCCARTESIANPOINT((2000.,-12000.,350.00000000000006));
#1574=IFCDIRECTION((0.,0.,1.));
#1575=IFCDIRECTION((1.,0.,0.));
#1576=IFCAXIS2PLACEMENT3D(#1573,#1574,#1575);
#1577=IFCLOCALPLACEMENT(#55,#1576);
#1578=IFCOWNERHISTORY(#3,#4,.READWRITE.,.MODIFIED.,1788311653,#3,#4,1788311653);
#1579=IFCMEMBER('0gzL7ABXT8MvynkMPK7VvP',#1578,'Mullion_N_L1_4000',$,$,#1589,#151,$);
#1585=IFCCARTESIANPOINT((4000.,12000.,350.00000000000006));
#1586=IFCDIRECTION((0.,0.,1.));
#1587=IFCDIRECTION((1.,0.,0.));
#1588=IFCAXIS2PLACEMENT3D(#1585,#1586,#1587);
#1589=IFCLOCALPLACEMENT(#55,#1588);
#1590=IFCOWNERHISTORY(#3,#4,.READWRITE.,.MODIFIED.,1788311653,#3,#4,1788311653);
#1591=IFCMEMBER('1FBASVFQz9NhVpqg0mEERl',#1590,'Mullion_S_L1_4000',$,$,#1601,#151,$);
#1597=IFCCARTESIANPOINT((4000.,-12000.,350.00000000000006));
#1598=IFCDIRECTION((0.,0.,1.));
#1599=IFCDIRECTION((1.,0.,0.));
#1600=IFCAXIS2PLACEMENT3D(#1597,#1598,#1599);
#1601=IFCLOCALPLACEMENT(#55,#1600);
#1602=IFCOWNERHISTORY(#3,#4,.READWRITE.,.MODIFIED.,1788311653,#3,#4,1788311653);
#1603=IFCMEMBER('1hJsM8PKnAvuys5_Ot5iGD',#1602,'Mullion_N_L1_6000',$,$,#1613,#151,$);
#1609=IFCCARTESIANPOINT((6000.,12000.,350.00000000000006));
#1610=IFCDIRECTION((0.,0.,1.));
#1611=IFCDIRECTION((1.,0.,0.));
#1612=IFCAXIS2PLACEMENT3D(#1609,#1610,#1611);
#1613=IFCLOCALPLACEMENT(#55,#1612);
#1614=IFCOWNERHISTORY(#3,#4,.READWRITE.,.MODIFIED.,1788311653,#3,#4,1788311653);
#1615=IFCMEMBER('23ZGPEgY97h9iY_1bbaulX',#1614,'Mullion_S_L1_6000',$,$,#1625,#151,$);
#1621=IFCCARTESIANPOINT((6000.,-12000.,350.00000000000006));
#1622=IFCDIRECTION((0.,0.,1.));
#1623=IFCDIRECTION((1.,0.,0.));
#1624=IFCAXIS2PLACEMENT3D(#1621,#1622,#1623);
#1625=IFCLOCALPLACEMENT(#55,#1624);
#1626=IFCOWNERHISTORY(#3,#4,.READWRITE.,.MODIFIED.,1788311653,#3,#4,1788311653);
#1627=IFCMEMBER('2VuOZImFH27P$7kh4DMvZz',#1626,'Mullion_N_L1_8000',$,$,#1637,#151,$);
#1633=IFCCARTESIANPOINT((8000.,12000.,350.00000000000006));
#1634=IFCDIRECTION((0.,0.,1.));
#1635=IFCDIRECTION((1.,0.,0.));
#1636=IFCAXIS2PLACEMENT3D(#1633,#1634,#1635);
#1637=IFCLOCALPLACEMENT(#55,#1636);
#1638=IFCOWNERHISTORY(#3,#4,.READWRITE.,.MODIFIED.,1788311653,#3,#4,1788311653);
#1639=IFCMEMBER('0za4OWPEnFYBctxc8syc2u',#1638,'Mullion_S_L1_8000',$,$,#1649,#151,$);
#1645=IFCCARTESIANPOINT((8000.,-12000.,350.00000000000006));
#1646=IFCDIRECTION((0.,0.,1.));
#1647=IFCDIRECTION((1.,0.,0.));
#1648=IFCAXIS2PLACEMENT3D(#1645,#1646,#1647);
#1649=IFCLOCALPLACEMENT(#55,#1648);
#1650=IFCOWNERHISTORY(#3,#4,.READWRITE.,.MODIFIED.,1788311653,#3,#4,1788311653);
#1651=IFCMEMBER('1rrIlEXbn5q97ugR_qaWzX',#1650,'Mullion_N_L1_10000',$,$,#1661,#151,$);
#1657=IFCCARTESIANPOINT((10000.,12000.,350.00000000000006));
#1658=IFCDIRECTION((0.,0.,1.));
#1659=IFCDIRECTION((1.,0.,0.));
#1660=IFCAXIS2PLACEMENT3D(#1657,#1658,#1659);
#1661=IFCLOCALPLACEMENT(#55,#1660);
#1662=IFCOWNERHISTORY(#3,#4,.READWRITE.,.MODIFIED.,1788311653,#3,#4,1788311653);
#1663=IFCMEMBER('0G2ERdgg58LhAcYDHR9EgL',#1662,'Mullion_S_L1_10000',$,$,#1673,#151,$);
#1669=IFCCARTESIANPOINT((10000.,-12000.,350.00000000000006));
#1670=IFCDIRECTION((0.,0.,1.));
#1671=IFCDIRECTION((1.,0.,0.));
#1672=IFCAXIS2PLACEMENT3D(#1669,#1670,#1671);
#1673=IFCLOCALPLACEMENT(#55,#1672);
#1674=IFCOWNERHISTORY(#3,#4,.READWRITE.,.MODIFIED.,1788311653,#3,#4,1788311653);
#1675=IFCMEMBER('02AkvLYXLDfPQpP_SQmr5O',#1674,'Mullion_N_L1_12000',$,$,#1685,#151,$);
#1681=IFCCARTESIANPOINT((12000.,12000.,350.00000000000006));
#1682=IFCDIRECTION((0.,0.,1.));
#1683=IFCDIRECTION((1.,0.,0.));
#1684=IFCAXIS2PLACEMENT3D(#1681,#1682,#1683);
#1685=IFCLOCALPLACEMENT(#55,#1684);
#1686=IFCOWNERHISTORY(#3,#4,.READWRITE.,.MODIFIED.,1788311653,#3,#4,1788311653);
#1687=IFCMEMBER('1gT58OYYrBRPAIaoMUVwrl',#1686,'Mullion_S_L1_12000',$,$,#1697,#151,$);
#1693=IFCCARTESIANPOINT((12000.,-12000.,350.00000000000006));
#1694=IFCDIRECTION((0.,0.,1.));
#1695=IFCDIRECTION((1.,0.,0.));
#1696=IFCAXIS2PLACEMENT3D(#1693,#1694,#1695);
#1697=IFCLOCALPLACEMENT(#55,#1696);
#1698=IFCOWNERHISTORY(#3,#4,.READWRITE.,.MODIFIED.,1788311653,#3,#4,1788311653);
#1699=IFCMEMBER('0JJz_vp4zFExfLcUS5C0B0',#1698,'Mullion_N_L1_14000',$,$,#1709,#151,$);
#1705=IFCCARTESIANPOINT((14000.,12000.,350.00000000000006));
#1706=IFCDIRECTION((0.,0.,1.));
#1707=IFCDIRECTION((1.,0.,0.));
#1708=IFCAXIS2PLACEMENT3D(#1705,#1706,#1707);
#1709=IFCLOCALPLACEMENT(#55,#1708);
#1710=IFCOWNERHISTORY(#3,#4,.READWRITE.,.MODIFIED.,1788311653,#3,#4,1788311653);
#1711=IFCMEMBER('27uZM1JED0_RyYT39s5$Dv',#1710,'Mullion_S_L1_14000',$,$,#1721,#151,$);
#1717=IFCCARTESIANPOINT((14000.,-12000.,350.00000000000006));
#1718=IFCDIRECTION((0.,0.,1.));
#1719=IFCDIRECTION((1.,0.,0.));
#1720=IFCAXIS2PLACEMENT3D(#1717,#1718,#1719);
#1721=IFCLOCALPLACEMENT(#55,#1720);
#1722=IFCOWNERHISTORY(#3,#4,.READWRITE.,.MODIFIED.,1788311653,#3,#4,1788311653);
#1723=IFCMEMBER('2ImJJFTUrFKRt05c4TRJyy',#1722,'Mullion_N_L1_16000',$,$,#1733,#151,$);
#1729=IFCCARTESIANPOINT((16000.,12000.,350.00000000000006));
#1730=IFCDIRECTION((0.,0.,1.));
#1731=IFCDIRECTION((1.,0.,0.));
#1732=IFCAXIS2PLACEMENT3D(#1729,#1730,#1731);
#1733=IFCLOCALPLACEMENT(#55,#1732);
#1734=IFCOWNERHISTORY(#3,#4,.READWRITE.,.MODIFIED.,1788311653,#3,#4,1788311653);
#1735=IFCMEMBER('3vD_47zX99DuuK7mDiH8Cn',#1734,'Mullion_S_L1_16000',$,$,#1745,#151,$);
#1741=IFCCARTESIANPOINT((16000.,-12000.,350.00000000000006));
#1742=IFCDIRECTION((0.,0.,1.));
#1743=IFCDIRECTION((1.,0.,0.));
#1744=IFCAXIS2PLACEMENT3D(#1741,#1742,#1743);
#1745=IFCLOCALPLACEMENT(#55,#1744);
#1746=IFCOWNERHISTORY(#3,#4,.READWRITE.,.MODIFIED.,1788311653,#3,#4,1788311653);
#1747=IFCSLAB('1LfBSOsJ97pgxGaI7r9opG',#1746,'RC_Slab_L2_350mm',$,$,#1759,#124,$,$);
#1753=IFCOWNERHISTORY(#3,#4,.READWRITE.,.MODIFIED.,1788311653,#3,#4,1788311653);
#1754=IFCRELCONTAINEDINSPATIALSTRUCTURE('1HurRStbr3hAv9r3XR0XGr',#1753,$,$,(#2133,#2397,#2157,#2421,#2025,#1917,#1809,#1785,#2073,#2049,#2181,#1941,#2289,#2445,#2469,#2313,#1833,#2205,#2097,#2361,#1965,#2337,#1857,#2229,#2121,#1747,#1989,#1881,#2253,#1905,#2277,#2145,#2409,#2013,#2385,#1797,#1773,#2061,#2037,#2169,#1929,#2301,#2433,#2085,#2457,#2193,#1953,#2325,#1845,#1821,#2109,#2217,#1977,#2349,#1869,#2241,#1761,#2373,#2001,#1893,#2265),#57);
#1755=IFCCARTESIANPOINT((0.,0.,0.));
#1756=IFCDIRECTION((0.,0.,1.));
#1757=IFCDIRECTION((1.,0.,0.));
#1758=IFCAXIS2PLACEMENT3D(#1755,#1756,#1757);
#1759=IFCLOCALPLACEMENT(#67,#1758);
#1760=IFCOWNERHISTORY(#3,#4,.READWRITE.,.MODIFIED.,1788311653,#3,#4,1788311653);
#1761=IFCWALL('3lSoG2Z9v9yupmjwWOWlKF',#1760,'Core_North_L2',$,$,#1771,#142,$);
#1767=IFCCARTESIANPOINT((0.,3000.,349.99999999999966));
#1768=IFCDIRECTION((0.,0.,1.));
#1769=IFCDIRECTION((1.,0.,0.));
#1770=IFCAXIS2PLACEMENT3D(#1767,#1768,#1769);
#1771=IFCLOCALPLACEMENT(#67,#1770);
#1772=IFCOWNERHISTORY(#3,#4,.READWRITE.,.MODIFIED.,1788311653,#3,#4,1788311653);
#1773=IFCWALL('2quAlE1FD2p9hXBBaez083',#1772,'Core_South_L2',$,$,#1783,#142,$);
#1779=IFCCARTESIANPOINT((0.,-3000.,349.99999999999966));
#1780=IFCDIRECTION((0.,0.,1.));
#1781=IFCDIRECTION((1.,0.,0.));
#1782=IFCAXIS2PLACEMENT3D(#1779,#1780,#1781);
#1783=IFCLOCALPLACEMENT(#67,#1782);
#1784=IFCOWNERHISTORY(#3,#4,.READWRITE.,.MODIFIED.,1788311653,#3,#4,1788311653);
#1785=IFCCOLUMN('0jthXzZIz9eRGRDawmqVpQ',#1784,'RC_Col_L2_-15000.0_-10000.0',$,$,#1795,#133,$);
#1791=IFCCARTESIANPOINT((-15000.,-10000.,349.99999999999966));
#1792=IFCDIRECTION((0.,0.,1.));
#1793=IFCDIRECTION((1.,0.,0.));
#1794=IFCAXIS2PLACEMENT3D(#1791,#1792,#1793);
#1795=IFCLOCALPLACEMENT(#67,#1794);
#1796=IFCOWNERHISTORY(#3,#4,.READWRITE.,.MODIFIED.,1788311653,#3,#4,1788311653);
#1797=IFCCOLUMN('3KNkgcwpj2JRzr0Z1aht62',#1796,'RC_Col_L2_-15000.0_-3500.0',$,$,#1807,#133,$);
#1803=IFCCARTESIANPOINT((-15000.,-3500.,349.99999999999966));
#1804=IFCDIRECTION((0.,0.,1.));
#1805=IFCDIRECTION((1.,0.,0.));
#1806=IFCAXIS2PLACEMENT3D(#1803,#1804,#1805);
#1807=IFCLOCALPLACEMENT(#67,#1806);
#1808=IFCOWNERHISTORY(#3,#4,.READWRITE.,.MODIFIED.,1788311653,#3,#4,1788311653);
#1809=IFCCOLUMN('2dbVC68H9CqAsZth_C74Bc',#1808,'RC_Col_L2_-15000.0_3500.0',$,$,#1819,#133,$);
#1815=IFCCARTESIANPOINT((-15000.,3500.,349.99999999999966));
#1816=IFCDIRECTION((0.,0.,1.));
#1817=IFCDIRECTION((1.,0.,0.));
#1818=IFCAXIS2PLACEMENT3D(#1815,#1816,#1817);
#1819=IFCLOCALPLACEMENT(#67,#1818);
#1820=IFCOWNERHISTORY(#3,#4,.READWRITE.,.MODIFIED.,1788311653,#3,#4,1788311653);
#1821=IFCCOLUMN('3TginYLMn1Gui8kueMd$eB',#1820,'RC_Col_L2_-15000.0_10000.0',$,$,#1831,#133,$);
#1827=IFCCARTESIANPOINT((-15000.,10000.,349.99999999999966));
#1828=IFCDIRECTION((0.,0.,1.));
#1829=IFCDIRECTION((1.,0.,0.));
#1830=IFCAXIS2PLACEMENT3D(#1827,#1828,#1829);
#1831=IFCLOCALPLACEMENT(#67,#1830);
#1832=IFCOWNERHISTORY(#3,#4,.READWRITE.,.MODIFIED.,1788311653,#3,#4,1788311653);
#1833=IFCCOLUMN('1362iw9_b2fxdmpGdjIKdp',#1832,'RC_Col_L2_-9000.0_-10000.0',$,$,#1843,#133,$);
#1839=IFCCARTESIANPOINT((-9000.,-10000.,349.99999999999966));
#1840=IFCDIRECTION((0.,0.,1.));
#1841=IFCDIRECTION((1.,0.,0.));
#1842=IFCAXIS2PLACEMENT3D(#1839,#1840,#1841);
#1843=IFCLOCALPLACEMENT(#67,#1842);
#1844=IFCOWNERHISTORY(#3,#4,.READWRITE.,.MODIFIED.,1788311653,#3,#4,1788311653);
#1845=IFCCOLUMN('1vE17zkfPCPe_n720yhdxT',#1844,'RC_Col_L2_-9000.0_-3500.0',$,$,#1855,#133,$);
#1851=IFCCARTESIANPOINT((-9000.,-3500.,349.99999999999966));
#1852=IFCDIRECTION((0.,0.,1.));
#1853=IFCDIRECTION((1.,0.,0.));
#1854=IFCAXIS2PLACEMENT3D(#1851,#1852,#1853);
#1855=IFCLOCALPLACEMENT(#67,#1854);
#1856=IFCOWNERHISTORY(#3,#4,.READWRITE.,.MODIFIED.,1788311653,#3,#4,1788311653);
#1857=IFCCOLUMN('0NZMFnJM94r8QOicvx8ATG',#1856,'RC_Col_L2_-9000.0_3500.0',$,$,#1867,#133,$);
#1863=IFCCARTESIANPOINT((-9000.,3500.,349.99999999999966));
#1864=IFCDIRECTION((0.,0.,1.));
#1865=IFCDIRECTION((1.,0.,0.));
#1866=IFCAXIS2PLACEMENT3D(#1863,#1864,#1865);
#1867=IFCLOCALPLACEMENT(#67,#1866);
#1868=IFCOWNERHISTORY(#3,#4,.READWRITE.,.MODIFIED.,1788311653,#3,#4,1788311653);
#1869=IFCCOLUMN('1bW0OlnTv9APxxtpUr78ga',#1868,'RC_Col_L2_-9000.0_10000.0',$,$,#1879,#133,$);
#1875=IFCCARTESIANPOINT((-9000.,10000.,349.99999999999966));
#1876=IFCDIRECTION((0.,0.,1.));
#1877=IFCDIRECTION((1.,0.,0.));
#1878=IFCAXIS2PLACEMENT3D(#1875,#1876,#1877);
#1879=IFCLOCALPLACEMENT(#67,#1878);
#1880=IFCOWNERHISTORY(#3,#4,.READWRITE.,.MODIFIED.,1788311653,#3,#4,1788311653);
#1881=IFCCOLUMN('1kEKCMWrP9Bh8__DqlV1iB',#1880,'RC_Col_L2_-3000.0_-10000.0',$,$,#1891,#133,$);
#1887=IFCCARTESIANPOINT((-3000.,-10000.,349.99999999999966));
#1888=IFCDIRECTION((0.,0.,1.));
#1889=IFCDIRECTION((1.,0.,0.));
#1890=IFCAXIS2PLACEMENT3D(#1887,#1888,#1889);
#1891=IFCLOCALPLACEMENT(#67,#1890);
#1892=IFCOWNERHISTORY(#3,#4,.READWRITE.,.MODIFIED.,1788311653,#3,#4,1788311653);
#1893=IFCCOLUMN('3BCeE3Nsj8aPzmGLypG8Q_',#1892,'RC_Col_L2_-3000.0_-3500.0',$,$,#1903,#133,$);
#1899=IFCCARTESIANPOINT((-3000.,-3500.,349.99999999999966));
#1900=IFCDIRECTION((0.,0.,1.));
#1901=IFCDIRECTION((1.,0.,0.));
#1902=IFCAXIS2PLACEMENT3D(#1899,#1900,#1901);
#1903=IFCLOCALPLACEMENT(#67,#1902);
#1904=IFCOWNERHISTORY(#3,#4,.READWRITE.,.MODIFIED.,1788311653,#3,#4,1788311653);
#1905=IFCCOLUMN('0_VhXausP4xPB4bFQcHd5C',#1904,'RC_Col_L2_-3000.0_3500.0',$,$,#1915,#133,$);
#1911=IFCCARTESIANPOINT((-3000.,3500.,349.99999999999966));
#1912=IFCDIRECTION((0.,0.,1.));
#1913=IFCDIRECTION((1.,0.,0.));
#1914=IFCAXIS2PLACEMENT3D(#1911,#1912,#1913);
#1915=IFCLOCALPLACEMENT(#67,#1914);
#1916=IFCOWNERHISTORY(#3,#4,.READWRITE.,.MODIFIED.,1788311653,#3,#4,1788311653);
#1917=IFCCOLUMN('2BeJhxULP1f8WXc0CITVM6',#1916,'RC_Col_L2_-3000.0_10000.0',$,$,#1927,#133,$);
#1923=IFCCARTESIANPOINT((-3000.,10000.,349.99999999999966));
#1924=IFCDIRECTION((0.,0.,1.));
#1925=IFCDIRECTION((1.,0.,0.));
#1926=IFCAXIS2PLACEMENT3D(#1923,#1924,#1925);
#1927=IFCLOCALPLACEMENT(#67,#1926);
#1928=IFCOWNERHISTORY(#3,#4,.READWRITE.,.MODIFIED.,1788311653,#3,#4,1788311653);
#1929=IFCCOLUMN('2uAbejDhv92hQ6Kq$e5SKv',#1928,'RC_Col_L2_3000.0_-10000.0',$,$,#1939,#133,$);
#1935=IFCCARTESIANPOINT((3000.,-10000.,349.99999999999966));
#1936=IFCDIRECTION((0.,0.,1.));
#1937=IFCDIRECTION((1.,0.,0.));
#1938=IFCAXIS2PLACEMENT3D(#1935,#1936,#1937);
#1939=IFCLOCALPLACEMENT(#67,#1938);
#1940=IFCOWNERHISTORY(#3,#4,.READWRITE.,.MODIFIED.,1788311653,#3,#4,1788311653);
#1941=IFCCOLUMN('26171ca7DEsOnSEui$TIJN',#1940,'RC_Col_L2_3000.0_-3500.0',$,$,#1951,#133,$);
#1947=IFCCARTESIANPOINT((3000.,-3500.,349.99999999999966));
#1948=IFCDIRECTION((0.,0.,1.));
#1949=IFCDIRECTION((1.,0.,0.));
#1950=IFCAXIS2PLACEMENT3D(#1947,#1948,#1949);
#1951=IFCLOCALPLACEMENT(#67,#1950);
#1952=IFCOWNERHISTORY(#3,#4,.READWRITE.,.MODIFIED.,1788311653,#3,#4,1788311653);
#1953=IFCCOLUMN('3yeXWlXj1C$87eOse9RSpZ',#1952,'RC_Col_L2_3000.0_3500.0',$,$,#1963,#133,$);
#1959=IFCCARTESIANPOINT((3000.,3500.,349.99999999999966));
#1960=IFCDIRECTION((0.,0.,1.));
#1961=IFCDIRECTION((1.,0.,0.));
#1962=IFCAXIS2PLACEMENT3D(#1959,#1960,#1961);
#1963=IFCLOCALPLACEMENT(#67,#1962);
#1964=IFCOWNERHISTORY(#3,#4,.READWRITE.,.MODIFIED.,1788311653,#3,#4,1788311653);
#1965=IFCCOLUMN('1OvyJ0f_L7gBvHaQlc_umk',#1964,'RC_Col_L2_3000.0_10000.0',$,$,#1975,#133,$);
#1971=IFCCARTESIANPOINT((3000.,10000.,349.99999999999966));
#1972=IFCDIRECTION((0.,0.,1.));
#1973=IFCDIRECTION((1.,0.,0.));
#1974=IFCAXIS2PLACEMENT3D(#1971,#1972,#1973);
#1975=IFCLOCALPLACEMENT(#67,#1974);
#1976=IFCOWNERHISTORY(#3,#4,.READWRITE.,.MODIFIED.,1788311653,#3,#4,1788311653);
#1977=IFCCOLUMN('2wc9pocIXB$A$T97jm49vk',#1976,'RC_Col_L2_9000.0_-10000.0',$,$,#1987,#133,$);
#1983=IFCCARTESIANPOINT((9000.,-10000.,349.99999999999966));
#1984=IFCDIRECTION((0.,0.,1.));
#1985=IFCDIRECTION((1.,0.,0.));
#1986=IFCAXIS2PLACEMENT3D(#1983,#1984,#1985);
#1987=IFCLOCALPLACEMENT(#67,#1986);
#1988=IFCOWNERHISTORY(#3,#4,.READWRITE.,.MODIFIED.,1788311653,#3,#4,1788311653);
#1989=IFCCOLUMN('3oYNgltKXEX9As0ANAQ4Qk',#1988,'RC_Col_L2_9000.0_-3500.0',$,$,#1999,#133,$);
#1995=IFCCARTESIANPOINT((9000.,-3500.,349.99999999999966));
#1996=IFCDIRECTION((0.,0.,1.));
#1997=IFCDIRECTION((1.,0.,0.));
#1998=IFCAXIS2PLACEMENT3D(#1995,#1996,#1997);
#1999=IFCLOCALPLACEMENT(#67,#1998);
#2000=IFCOWNERHISTORY(#3,#4,.READWRITE.,.MODIFIED.,1788311653,#3,#4,1788311653);
#2001=IFCCOLUMN('2VpEqtdbL3DgpkNMa5w73g',#2000,'RC_Col_L2_9000.0_3500.0',$,$,#2011,#133,$);
#2007=IFCCARTESIANPOINT((9000.,3500.,349.99999999999966));
#2008=IFCDIRECTION((0.,0.,1.));
#2009=IFCDIRECTION((1.,0.,0.));
#2010=IFCAXIS2PLACEMENT3D(#2007,#2008,#2009);
#2011=IFCLOCALPLACEMENT(#67,#2010);
#2012=IFCOWNERHISTORY(#3,#4,.READWRITE.,.MODIFIED.,1788311653,#3,#4,1788311653);
#2013=IFCCOLUMN('1jKoYvWN9EFQ7CYga6f7_5',#2012,'RC_Col_L2_9000.0_10000.0',$,$,#2023,#133,$);
#2019=IFCCARTESIANPOINT((9000.,10000.,349.99999999999966));
#2020=IFCDIRECTION((0.,0.,1.));
#2021=IFCDIRECTION((1.,0.,0.));
#2022=IFCAXIS2PLACEMENT3D(#2019,#2020,#2021);
#2023=IFCLOCALPLACEMENT(#67,#2022);
#2024=IFCOWNERHISTORY(#3,#4,.READWRITE.,.MODIFIED.,1788311653,#3,#4,1788311653);
#2025=IFCCOLUMN('1qUzMh__n1PuQupjonpz97',#2024,'RC_Col_L2_15000.0_-10000.0',$,$,#2035,#133,$);
#2031=IFCCARTESIANPOINT((15000.,-10000.,349.99999999999966));
#2032=IFCDIRECTION((0.,0.,1.));
#2033=IFCDIRECTION((1.,0.,0.));
#2034=IFCAXIS2PLACEMENT3D(#2031,#2032,#2033);
#2035=IFCLOCALPLACEMENT(#67,#2034);
#2036=IFCOWNERHISTORY(#3,#4,.READWRITE.,.MODIFIED.,1788311653,#3,#4,1788311653);
#2037=IFCCOLUMN('2hg5tEyrj0rgZSgwTWmbpT',#2036,'RC_Col_L2_15000.0_-3500.0',$,$,#2047,#133,$);
#2043=IFCCARTESIANPOINT((15000.,-3500.,349.99999999999966));
#2044=IFCDIRECTION((0.,0.,1.));
#2045=IFCDIRECTION((1.,0.,0.));
#2046=IFCAXIS2PLACEMENT3D(#2043,#2044,#2045);
#2047=IFCLOCALPLACEMENT(#67,#2046);
#2048=IFCOWNERHISTORY(#3,#4,.READWRITE.,.MODIFIED.,1788311653,#3,#4,1788311653);
#2049=IFCCOLUMN('2llpXw_ObApvp6w08o6AaP',#2048,'RC_Col_L2_15000.0_3500.0',$,$,#2059,#133,$);
#2055=IFCCARTESIANPOINT((15000.,3500.,349.99999999999966));
#2056=IFCDIRECTION((0.,0.,1.));
#2057=IFCDIRECTION((1.,0.,0.));
#2058=IFCAXIS2PLACEMENT3D(#2055,#2056,#2057);
#2059=IFCLOCALPLACEMENT(#67,#2058);
#2060=IFCOWNERHISTORY(#3,#4,.READWRITE.,.MODIFIED.,1788311653,#3,#4,1788311653);
#2061=IFCCOLUMN('1vzTxiG_H2VAAEIj$P0jLD',#2060,'RC_Col_L2_15000.0_10000.0',$,$,#2071,#133,$);
#2067=IFCCARTESIANPOINT((15000.,10000.,349.99999999999966));
#2068=IFCDIRECTION((0.,0.,1.));
#2069=IFCDIRECTION((1.,0.,0.));
#2070=IFCAXIS2PLACEMENT3D(#2067,#2068,#2069);
#2071=IFCLOCALPLACEMENT(#67,#2070);
#2072=IFCOWNERHISTORY(#3,#4,.READWRITE.,.MODIFIED.,1788311653,#3,#4,1788311653);
#2073=IFCMEMBER('1WgXjf2MXB89yFLr3A4agl',#2072,'Mullion_N_L2_-16000',$,$,#2083,#151,$);
#2079=IFCCARTESIANPOINT((-16000.,12000.,349.99999999999966));
#2080=IFCDIRECTION((0.,0.,1.));
#2081=IFCDIRECTION((1.,0.,0.));
#2082=IFCAXIS2PLACEMENT3D(#2079,#2080,#2081);
#2083=IFCLOCALPLACEMENT(#67,#2082);
#2084=IFCOWNERHISTORY(#3,#4,.READWRITE.,.MODIFIED.,1788311653,#3,#4,1788311653);
#2085=IFCMEMBER('2_b6Oayn19Vu8NH4wGTXil',#2084,'Mullion_S_L2_-16000',$,$,#2095,#151,$);
#2091=IFCCARTESIANPOINT((-16000.,-12000.,349.99999999999966));
#2092=IFCDIRECTION((0.,0.,1.));
#2093=IFCDIRECTION((1.,0.,0.));
#2094=IFCAXIS2PLACEMENT3D(#2091,#2092,#2093);
#2095=IFCLOCALPLACEMENT(#67,#2094);
#2096=IFCOWNERHISTORY(#3,#4,.READWRITE.,.MODIFIED.,1788311653,#3,#4,1788311653);
#2097=IFCMEMBER('2qdoho1MnE9PHmudyIrHMD',#2096,'Mullion_N_L2_-14000',$,$,#2107,#151,$);
#2103=IFCCARTESIANPOINT((-14000.,12000.,349.99999999999966));
#2104=IFCDIRECTION((0.,0.,1.));
#2105=IFCDIRECTION((1.,0.,0.));
#2106=IFCAXIS2PLACEMENT3D(#2103,#2104,#2105);
#2107=IFCLOCALPLACEMENT(#67,#2106);
#2108=IFCOWNERHISTORY(#3,#4,.READWRITE.,.MODIFIED.,1788311653,#3,#4,1788311653);
#2109=IFCMEMBER('04gzOypSn27u6OpP0cvR$W',#2108,'Mullion_S_L2_-14000',$,$,#2119,#151,$);
#2115=IFCCARTESIANPOINT((-14000.,-12000.,349.99999999999966));
#2116=IFCDIRECTION((0.,0.,1.));
#2117=IFCDIRECTION((1.,0.,0.));
#2118=IFCAXIS2PLACEMENT3D(#2115,#2116,#2117);
#2119=IFCLOCALPLACEMENT(#67,#2118);
#2120=IFCOWNERHISTORY(#3,#4,.READWRITE.,.MODIFIED.,1788311653,#3,#4,1788311653);
#2121=IFCMEMBER('3r4jJ6eM56EewCcMavdIUJ',#2120,'Mullion_N_L2_-12000',$,$,#2131,#151,$);
#2127=IFCCARTESIANPOINT((-12000.,12000.,349.99999999999966));
#2128=IFCDIRECTION((0.,0.,1.));
#2129=IFCDIRECTION((1.,0.,0.));
#2130=IFCAXIS2PLACEMENT3D(#2127,#2128,#2129);
#2131=IFCLOCALPLACEMENT(#67,#2130);
#2132=IFCOWNERHISTORY(#3,#4,.READWRITE.,.MODIFIED.,1788311653,#3,#4,1788311653);
#2133=IFCMEMBER('3AOslb9iP4BRdtWHx$yAz0',#2132,'Mullion_S_L2_-12000',$,$,#2143,#151,$);
#2139=IFCCARTESIANPOINT((-12000.,-12000.,349.99999999999966));
#2140=IFCDIRECTION((0.,0.,1.));
#2141=IFCDIRECTION((1.,0.,0.));
#2142=IFCAXIS2PLACEMENT3D(#2139,#2140,#2141);
#2143=IFCLOCALPLACEMENT(#67,#2142);
#2144=IFCOWNERHISTORY(#3,#4,.READWRITE.,.MODIFIED.,1788311653,#3,#4,1788311653);
#2145=IFCMEMBER('0sGS1SAqv62eWq90P0lXth',#2144,'Mullion_N_L2_-10000',$,$,#2155,#151,$);
#2151=IFCCARTESIANPOINT((-10000.,12000.,349.99999999999966));
#2152=IFCDIRECTION((0.,0.,1.));
#2153=IFCDIRECTION((1.,0.,0.));
#2154=IFCAXIS2PLACEMENT3D(#2151,#2152,#2153);
#2155=IFCLOCALPLACEMENT(#67,#2154);
#2156=IFCOWNERHISTORY(#3,#4,.READWRITE.,.MODIFIED.,1788311653,#3,#4,1788311653);
#2157=IFCMEMBER('3edagLzN9DmBoHAw3VJK5o',#2156,'Mullion_S_L2_-10000',$,$,#2167,#151,$);
#2163=IFCCARTESIANPOINT((-10000.,-12000.,349.99999999999966));
#2164=IFCDIRECTION((0.,0.,1.));
#2165=IFCDIRECTION((1.,0.,0.));
#2166=IFCAXIS2PLACEMENT3D(#2163,#2164,#2165);
#2167=IFCLOCALPLACEMENT(#67,#2166);
#2168=IFCOWNERHISTORY(#3,#4,.READWRITE.,.MODIFIED.,1788311653,#3,#4,1788311653);
#2169=IFCMEMBER('1eQ7EuFIj5jetJqZ1LM38j',#2168,'Mullion_N_L2_-8000',$,$,#2179,#151,$);
#2175=IFCCARTESIANPOINT((-8000.,12000.,349.99999999999966));
#2176=IFCDIRECTION((0.,0.,1.));
#2177=IFCDIRECTION((1.,0.,0.));
#2178=IFCAXIS2PLACEMENT3D(#2175,#2176,#2177);
#2179=IFCLOCALPLACEMENT(#67,#2178);
#2180=IFCOWNERHISTORY(#3,#4,.READWRITE.,.MODIFIED.,1788311653,#3,#4,1788311653);
#2181=IFCMEMBER('19_4b9aYL3fewAQ2_$I4ID',#2180,'Mullion_S_L2_-8000',$,$,#2191,#151,$);
#2187=IFCCARTESIANPOINT((-8000.,-12000.,349.99999999999966));
#2188=IFCDIRECTION((0.,0.,1.));
#2189=IFCDIRECTION((1.,0.,0.));
#2190=IFCAXIS2PLACEMENT3D(#2187,#2188,#2189);
#2191=IFCLOCALPLACEMENT(#67,#2190);
#2192=IFCOWNERHISTORY(#3,#4,.READWRITE.,.MODIFIED.,1788311653,#3,#4,1788311653);
#2193=IFCMEMBER('02yUlfPy99VP8jSQRLS4uy',#2192,'Mullion_N_L2_-6000',$,$,#2203,#151,$);
#2199=IFCCARTESIANPOINT((-6000.,12000.,349.99999999999966));
#2200=IFCDIRECTION((0.,0.,1.));
#2201=IFCDIRECTION((1.,0.,0.));
#2202=IFCAXIS2PLACEMENT3D(#2199,#2200,#2201);
#2203=IFCLOCALPLACEMENT(#67,#2202);
#2204=IFCOWNERHISTORY(#3,#4,.READWRITE.,.MODIFIED.,1788311653,#3,#4,1788311653);
#2205=IFCMEMBER('0VGocJ3eXBJg405DvVUYrH',#2204,'Mullion_S_L2_-6000',$,$,#2215,#151,$);
#2211=IFCCARTESIANPOINT((-6000.,-12000.,349.99999999999966));
#2212=IFCDIRECTION((0.,0.,1.));
#2213=IFCDIRECTION((1.,0.,0.));
#2214=IFCAXIS2PLACEMENT3D(#2211,#2212,#2213);
#2215=IFCLOCALPLACEMENT(#67,#2214);
#2216=IFCOWNERHISTORY(#3,#4,.READWRITE.,.MODIFIED.,1788311653,#3,#4,1788311653);
#2217=IFCMEMBER('1qVCL3J_DDswXk6Pzlj0C2',#2216,'Mullion_N_L2_-4000',$,$,#2227,#151,$);
#2223=IFCCARTESIANPOINT((-4000.,12000.,349.99999999999966));
#2224=IFCDIRECTION((0.,0.,1.));
#2225=IFCDIRECTION((1.,0.,0.));
#2226=IFCAXIS2PLACEMENT3D(#2223,#2224,#2225);
#2227=IFCLOCALPLACEMENT(#67,#2226);
#2228=IFCOWNERHISTORY(#3,#4,.READWRITE.,.MODIFIED.,1788311653,#3,#4,1788311653);
#2229=IFCMEMBER('02h5Pi6$b22Ao2tDm8H6SK',#2228,'Mullion_S_L2_-4000',$,$,#2239,#151,$);
#2235=IFCCARTESIANPOINT((-4000.,-12000.,349.99999999999966));
#2236=IFCDIRECTION((0.,0.,1.));
#2237=IFCDIRECTION((1.,0.,0.));
#2238=IFCAXIS2PLACEMENT3D(#2235,#2236,#2237);
#2239=IFCLOCALPLACEMENT(#67,#2238);
#2240=IFCOWNERHISTORY(#3,#4,.READWRITE.,.MODIFIED.,1788311653,#3,#4,1788311653);
#2241=IFCMEMBER('1bhbv$7$f6YQWUnbLenaQG',#2240,'Mullion_N_L2_-2000',$,$,#2251,#151,$);
#2247=IFCCARTESIANPOINT((-2000.,12000.,349.99999999999966));
#2248=IFCDIRECTION((0.,0.,1.));
#2249=IFCDIRECTION((1.,0.,0.));
#2250=IFCAXIS2PLACEMENT3D(#2247,#2248,#2249);
#2251=IFCLOCALPLACEMENT(#67,#2250);
#2252=IFCOWNERHISTORY(#3,#4,.READWRITE.,.MODIFIED.,1788311653,#3,#4,1788311653);
#2253=IFCMEMBER('2durD5udL7FBp9MzB7qU1C',#2252,'Mullion_S_L2_-2000',$,$,#2263,#151,$);
#2259=IFCCARTESIANPOINT((-2000.,-12000.,349.99999999999966));
#2260=IFCDIRECTION((0.,0.,1.));
#2261=IFCDIRECTION((1.,0.,0.));
#2262=IFCAXIS2PLACEMENT3D(#2259,#2260,#2261);
#2263=IFCLOCALPLACEMENT(#67,#2262);
#2264=IFCOWNERHISTORY(#3,#4,.READWRITE.,.MODIFIED.,1788311653,#3,#4,1788311653);
#2265=IFCMEMBER('0VWgaNAhD8jOiKuOmbHYRm',#2264,'Mullion_N_L2_0',$,$,#2275,#151,$);
#2271=IFCCARTESIANPOINT((0.,12000.,349.99999999999966));
#2272=IFCDIRECTION((0.,0.,1.));
#2273=IFCDIRECTION((1.,0.,0.));
#2274=IFCAXIS2PLACEMENT3D(#2271,#2272,#2273);
#2275=IFCLOCALPLACEMENT(#67,#2274);
#2276=IFCOWNERHISTORY(#3,#4,.READWRITE.,.MODIFIED.,1788311653,#3,#4,1788311653);
#2277=IFCMEMBER('39apdwQM9BbvO1KSEGdd5H',#2276,'Mullion_S_L2_0',$,$,#2287,#151,$);
#2283=IFCCARTESIANPOINT((0.,-12000.,349.99999999999966));
#2284=IFCDIRECTION((0.,0.,1.));
#2285=IFCDIRECTION((1.,0.,0.));
#2286=IFCAXIS2PLACEMENT3D(#2283,#2284,#2285);
#2287=IFCLOCALPLACEMENT(#67,#2286);
#2288=IFCOWNERHISTORY(#3,#4,.READWRITE.,.MODIFIED.,1788311653,#3,#4,1788311653);
#2289=IFCMEMBER('3lKRyYty9EVOaV0Tg3gtSG',#2288,'Mullion_N_L2_2000',$,$,#2299,#151,$);
#2295=IFCCARTESIANPOINT((2000.,12000.,349.99999999999966));
#2296=IFCDIRECTION((0.,0.,1.));
#2297=IFCDIRECTION((1.,0.,0.));
#2298=IFCAXIS2PLACEMENT3D(#2295,#2296,#2297);
#2299=IFCLOCALPLACEMENT(#67,#2298);
#2300=IFCOWNERHISTORY(#3,#4,.READWRITE.,.MODIFIED.,1788311653,#3,#4,1788311653);
#2301=IFCMEMBER('0FahKla71B2h4XsiF_6LKw',#2300,'Mullion_S_L2_2000',$,$,#2311,#151,$);
#2307=IFCCARTESIANPOINT((2000.,-12000.,349.99999999999966));
#2308=IFCDIRECTION((0.,0.,1.));
#2309=IFCDIRECTION((1.,0.,0.));
#2310=IFCAXIS2PLACEMENT3D(#2307,#2308,#2309);
#2311=IFCLOCALPLACEMENT(#67,#2310);
#2312=IFCOWNERHISTORY(#3,#4,.READWRITE.,.MODIFIED.,1788311653,#3,#4,1788311653);
#2313=IFCMEMBER('0dw0SXWQPCIx8LrDbztprs',#2312,'Mullion_N_L2_4000',$,$,#2323,#151,$);
#2319=IFCCARTESIANPOINT((4000.,12000.,349.99999999999966));
#2320=IFCDIRECTION((0.,0.,1.));
#2321=IFCDIRECTION((1.,0.,0.));
#2322=IFCAXIS2PLACEMENT3D(#2319,#2320,#2321);
#2323=IFCLOCALPLACEMENT(#67,#2322);
#2324=IFCOWNERHISTORY(#3,#4,.READWRITE.,.MODIFIED.,1788311653,#3,#4,1788311653);
#2325=IFCMEMBER('07FGwgQ0D7pe5DESXHEsZh',#2324,'Mullion_S_L2_4000',$,$,#2335,#151,$);
#2331=IFCCARTESIANPOINT((4000.,-12000.,349.99999999999966));
#2332=IFCDIRECTION((0.,0.,1.));
#2333=IFCDIRECTION((1.,0.,0.));
#2334=IFCAXIS2PLACEMENT3D(#2331,#2332,#2333);
#2335=IFCLOCALPLACEMENT(#67,#2334);
#2336=IFCOWNERHISTORY(#3,#4,.READWRITE.,.MODIFIED.,1788311653,#3,#4,1788311653);
#2337=IFCMEMBER('0y$H_o5YL7Www0tPaJSVMr',#2336,'Mullion_N_L2_6000',$,$,#2347,#151,$);
#2343=IFCCARTESIANPOINT((6000.,12000.,349.99999999999966));
#2344=IFCDIRECTION((0.,0.,1.));
#2345=IFCDIRECTION((1.,0.,0.));
#2346=IFCAXIS2PLACEMENT3D(#2343,#2344,#2345);
#2347=IFCLOCALPLACEMENT(#67,#2346);
#2348=IFCOWNERHISTORY(#3,#4,.READWRITE.,.MODIFIED.,1788311653,#3,#4,1788311653);
#2349=IFCMEMBER('24PqoXC4r7kAD6Nm3oT9iz',#2348,'Mullion_S_L2_6000',$,$,#2359,#151,$);
#2355=IFCCARTESIANPOINT((6000.,-12000.,349.99999999999966));
#2356=IFCDIRECTION((0.,0.,1.));
#2357=IFCDIRECTION((1.,0.,0.));
#2358=IFCAXIS2PLACEMENT3D(#2355,#2356,#2357);
#2359=IFCLOCALPLACEMENT(#67,#2358);
#2360=IFCOWNERHISTORY(#3,#4,.READWRITE.,.MODIFIED.,1788311653,#3,#4,1788311653);
#2361=IFCMEMBER('3UkmjHNgv0qvNEQyBm7mrz',#2360,'Mullion_N_L2_8000',$,$,#2371,#151,$);
#2367=IFCCARTESIANPOINT((8000.,12000.,349.99999999999966));
#2368=IFCDIRECTION((0.,0.,1.));
#2369=IFCDIRECTION((1.,0.,0.));
#2370=IFCAXIS2PLACEMENT3D(#2367,#2368,#2369);
#2371=IFCLOCALPLACEMENT(#67,#2370);
#2372=IFCOWNERHISTORY(#3,#4,.READWRITE.,.MODIFIED.,1788311653,#3,#4,1788311653);
#2373=IFCMEMBER('0p4QCyTc95AOvvkq19Wkvd',#2372,'Mullion_S_L2_8000',$,$,#2383,#151,$);
#2379=IFCCARTESIANPOINT((8000.,-12000.,349.99999999999966));
#2380=IFCDIRECTION((0.,0.,1.));
#2381=IFCDIRECTION((1.,0.,0.));
#2382=IFCAXIS2PLACEMENT3D(#2379,#2380,#2381);
#2383=IFCLOCALPLACEMENT(#67,#2382);
#2384=IFCOWNERHISTORY(#3,#4,.READWRITE.,.MODIFIED.,1788311653,#3,#4,1788311653);
#2385=IFCMEMBER('3hKpmCDnrCAeSq2gZlygxZ',#2384,'Mullion_N_L2_10000',$,$,#2395,#151,$);
#2391=IFCCARTESIANPOINT((10000.,12000.,349.99999999999966));
#2392=IFCDIRECTION((0.,0.,1.));
#2393=IFCDIRECTION((1.,0.,0.));
#2394=IFCAXIS2PLACEMENT3D(#2391,#2392,#2393);
#2395=IFCLOCALPLACEMENT(#67,#2394);
#2396=IFCOWNERHISTORY(#3,#4,.READWRITE.,.MODIFIED.,1788311653,#3,#4,1788311653);
#2397=IFCMEMBER('1tNMXK0OP1_fmVPtx_ceUJ',#2396,'Mullion_S_L2_10000',$,$,#2407,#151,$);
#2403=IFCCARTESIANPOINT((10000.,-12000.,349.99999999999966));
#2404=IFCDIRECTION((0.,0.,1.));
#2405=IFCDIRECTION((1.,0.,0.));
#2406=IFCAXIS2PLACEMENT3D(#2403,#2404,#2405);
#2407=IFCLOCALPLACEMENT(#67,#2406);
#2408=IFCOWNERHISTORY(#3,#4,.READWRITE.,.MODIFIED.,1788311653,#3,#4,1788311653);
#2409=IFCMEMBER('0uEkicVA15tgQ_8ZXFbBgZ',#2408,'Mullion_N_L2_12000',$,$,#2419,#151,$);
#2415=IFCCARTESIANPOINT((12000.,12000.,349.99999999999966));
#2416=IFCDIRECTION((0.,0.,1.));
#2417=IFCDIRECTION((1.,0.,0.));
#2418=IFCAXIS2PLACEMENT3D(#2415,#2416,#2417);
#2419=IFCLOCALPLACEMENT(#67,#2418);
#2420=IFCOWNERHISTORY(#3,#4,.READWRITE.,.MODIFIED.,1788311653,#3,#4,1788311653);
#2421=IFCMEMBER('0SqQh1o$r8ShDpGlelfPAo',#2420,'Mullion_S_L2_12000',$,$,#2431,#151,$);
#2427=IFCCARTESIANPOINT((12000.,-12000.,349.99999999999966));
#2428=IFCDIRECTION((0.,0.,1.));
#2429=IFCDIRECTION((1.,0.,0.));
#2430=IFCAXIS2PLACEMENT3D(#2427,#2428,#2429);
#2431=IFCLOCALPLACEMENT(#67,#2430);
#2432=IFCOWNERHISTORY(#3,#4,.READWRITE.,.MODIFIED.,1788311653,#3,#4,1788311653);
#2433=IFCMEMBER('3plckguub3wA9tTCWQph7Y',#2432,'Mullion_N_L2_14000',$,$,#2443,#151,$);
#2439=IFCCARTESIANPOINT((14000.,12000.,349.99999999999966));
#2440=IFCDIRECTION((0.,0.,1.));
#2441=IFCDIRECTION((1.,0.,0.));
#2442=IFCAXIS2PLACEMENT3D(#2439,#2440,#2441);
#2443=IFCLOCALPLACEMENT(#67,#2442);
#2444=IFCOWNERHISTORY(#3,#4,.READWRITE.,.MODIFIED.,1788311653,#3,#4,1788311653);
#2445=IFCMEMBER('3t9ucPp511RAAxwPgJYPk_',#2444,'Mullion_S_L2_14000',$,$,#2455,#151,$);
#2451=IFCCARTESIANPOINT((14000.,-12000.,349.99999999999966));
#2452=IFCDIRECTION((0.,0.,1.));
#2453=IFCDIRECTION((1.,0.,0.));
#2454=IFCAXIS2PLACEMENT3D(#2451,#2452,#2453);
#2455=IFCLOCALPLACEMENT(#67,#2454);
#2456=IFCOWNERHISTORY(#3,#4,.READWRITE.,.MODIFIED.,1788311653,#3,#4,1788311653);
#2457=IFCMEMBER('0P10rzVJT4cB$NdTej5Cxe',#2456,'Mullion_N_L2_16000',$,$,#2467,#151,$);
#2463=IFCCARTESIANPOINT((16000.,12000.,349.99999999999966));
#2464=IFCDIRECTION((0.,0.,1.));
#2465=IFCDIRECTION((1.,0.,0.));
#2466=IFCAXIS2PLACEMENT3D(#2463,#2464,#2465);
#2467=IFCLOCALPLACEMENT(#67,#2466);
#2468=IFCOWNERHISTORY(#3,#4,.READWRITE.,.MODIFIED.,1788311653,#3,#4,1788311653);
#2469=IFCMEMBER('360kODsRTAG8LnOtaGzxDI',#2468,'Mullion_S_L2_16000',$,$,#2479,#151,$);
#2475=IFCCARTESIANPOINT((16000.,-12000.,349.99999999999966));
#2476=IFCDIRECTION((0.,0.,1.));
#2477=IFCDIRECTION((1.,0.,0.));
#2478=IFCAXIS2PLACEMENT3D(#2475,#2476,#2477);
#2479=IFCLOCALPLACEMENT(#67,#2478);
#2480=IFCOWNERHISTORY(#3,#4,.READWRITE.,.MODIFIED.,1788311653,#3,#4,1788311653);
#2481=IFCSLAB('3uIRMhxZr93QeOnBha5C6F',#2480,'RC_Slab_L3_350mm',$,$,#2493,#124,$,$);
#2487=IFCOWNERHISTORY(#3,#4,.READWRITE.,.MODIFIED.,1788311654,#3,#4,1788311653);
#2488=IFCRELCONTAINEDINSPATIALSTRUCTURE('1Ki9wmt1L6YvOLLIxZ8hy8',#2487,$,$,(#5489,#2747,#5861,#3119,#5465,#2663,#2639,#3035,#2795,#3167,#5729,#5885,#6041,#5645,#2531,#6017,#2903,#2819,#3191,#2975,#2579,#5537,#5513,#2495,#2867,#5909,#6065,#6809,#5825,#5429,#5585,#5957,#2999,#5501,#2759,#3131,#2891,#2675,#3047,#2807,#6749,#5609,#5765,#5741,#5657,#2543,#2915,#6029,#3071,#5417,#2831,#2481,#3203,#6773,#2615,#2591,#2987,#5549,#5525,#2507,#5921,#6053,#6821,#5837,#5441,#3095,#2723,#5597,#6737,#5969,#3011,#2771,#3143,#5705,#2687,#3059,#6761,#5621,#5993,#5777,#5753,#2951,#2555,#2927,#5669,#2711,#3083,#2843,#6785,#2603,#5801,#5561,#5933,#2519,#5693,#5477,#2735,#3107,#5453,#5849,#5981,#2651,#2627,#3023,#3179,#2783,#3155,#5717,#2699,#5873,#5633,#6005,#5789,#5945,#2963,#2567,#2939,#5681,#5897,#2879,#2855,#6797,#5813,#5573),#69);
#2489=IFCCARTESIANPOINT((0.,0.,0.));
#2490=IFCDIRECTION((0.,0.,1.));
#2491=IFCDIRECTION((1.,0.,0.));
#2492=IFCAXIS2PLACEMENT3D(#2489,#2490,#2491);
#2493=IFCLOCALPLACEMENT(#79,#2492);
#2494=IFCOWNERHISTORY(#3,#4,.READWRITE.,.MODIFIED.,1788311653,#3,#4,1788311653);
#2495=IFCWALL('0GLMZhlQD1xBvyHKwAQUUY',#2494,'Core_North_L3',$,$,#2505,#142,$);
#2501=IFCCARTESIANPOINT((0.,3000.,349.99999999999966));
#2502=IFCDIRECTION((0.,0.,1.));
#2503=IFCDIRECTION((1.,0.,0.));
#2504=IFCAXIS2PLACEMENT3D(#2501,#2502,#2503);
#2505=IFCLOCALPLACEMENT(#79,#2504);
#2506=IFCOWNERHISTORY(#3,#4,.READWRITE.,.MODIFIED.,1788311653,#3,#4,1788311653);
#2507=IFCWALL('0yTEC9enTFbgntgniMm4s9',#2506,'Core_South_L3',$,$,#2517,#142,$);
#2513=IFCCARTESIANPOINT((0.,-3000.,349.99999999999966));
#2514=IFCDIRECTION((0.,0.,1.));
#2515=IFCDIRECTION((1.,0.,0.));
#2516=IFCAXIS2PLACEMENT3D(#2513,#2514,#2515);
#2517=IFCLOCALPLACEMENT(#79,#2516);
#2518=IFCOWNERHISTORY(#3,#4,.READWRITE.,.MODIFIED.,1788311653,#3,#4,1788311653);
#2519=IFCCOLUMN('162FtNKC50y8Jzldv8BBNq',#2518,'RC_Col_L3_-15000.0_-10000.0',$,$,#2529,#133,$);
#2525=IFCCARTESIANPOINT((-15000.,-10000.,349.99999999999966));
#2526=IFCDIRECTION((0.,0.,1.));
#2527=IFCDIRECTION((1.,0.,0.));
#2528=IFCAXIS2PLACEMENT3D(#2525,#2526,#2527);
#2529=IFCLOCALPLACEMENT(#79,#2528);
#2530=IFCOWNERHISTORY(#3,#4,.READWRITE.,.MODIFIED.,1788311653,#3,#4,1788311653);
#2531=IFCCOLUMN('3Z1MPqLIf8ch3EcJBzNGA7',#2530,'RC_Col_L3_-15000.0_-3500.0',$,$,#2541,#133,$);
#2537=IFCCARTESIANPOINT((-15000.,-3500.,349.99999999999966));
#2538=IFCDIRECTION((0.,0.,1.));
#2539=IFCDIRECTION((1.,0.,0.));
#2540=IFCAXIS2PLACEMENT3D(#2537,#2538,#2539);
#2541=IFCLOCALPLACEMENT(#79,#2540);
#2542=IFCOWNERHISTORY(#3,#4,.READWRITE.,.MODIFIED.,1788311653,#3,#4,1788311653);
#2543=IFCCOLUMN('2cGxh8BVP1bP$xVQwTVZYz',#2542,'RC_Col_L3_-15000.0_3500.0',$,$,#2553,#133,$);
#2549=IFCCARTESIANPOINT((-15000.,3500.,349.99999999999966));
#2550=IFCDIRECTION((0.,0.,1.));
#2551=IFCDIRECTION((1.,0.,0.));
#2552=IFCAXIS2PLACEMENT3D(#2549,#2550,#2551);
#2553=IFCLOCALPLACEMENT(#79,#2552);
#2554=IFCOWNERHISTORY(#3,#4,.READWRITE.,.MODIFIED.,1788311653,#3,#4,1788311653);
#2555=IFCCOLUMN('0iieiIxn1D3RBCoQDP0mJB',#2554,'RC_Col_L3_-15000.0_10000.0',$,$,#2565,#133,$);
#2561=IFCCARTESIANPOINT((-15000.,10000.,349.99999999999966));
#2562=IFCDIRECTION((0.,0.,1.));
#2563=IFCDIRECTION((1.,0.,0.));
#2564=IFCAXIS2PLACEMENT3D(#2561,#2562,#2563);
#2565=IFCLOCALPLACEMENT(#79,#2564);
#2566=IFCOWNERHISTORY(#3,#4,.READWRITE.,.MODIFIED.,1788311653,#3,#4,1788311653);
#2567=IFCCOLUMN('1Cxn6BSCXBUuei4jx6Jmbm',#2566,'RC_Col_L3_-9000.0_-10000.0',$,$,#2577,#133,$);
#2573=IFCCARTESIANPOINT((-9000.,-10000.,349.99999999999966));
#2574=IFCDIRECTION((0.,0.,1.));
#2575=IFCDIRECTION((1.,0.,0.));
#2576=IFCAXIS2PLACEMENT3D(#2573,#2574,#2575);
#2577=IFCLOCALPLACEMENT(#79,#2576);
#2578=IFCOWNERHISTORY(#3,#4,.READWRITE.,.MODIFIED.,1788311653,#3,#4,1788311653);
#2579=IFCCOLUMN('3BU4b_RTz5veqvWaLyu5KS',#2578,'RC_Col_L3_-9000.0_-3500.0',$,$,#2589,#133,$);
#2585=IFCCARTESIANPOINT((-9000.,-3500.,349.99999999999966));
#2586=IFCDIRECTION((0.,0.,1.));
#2587=IFCDIRECTION((1.,0.,0.));
#2588=IFCAXIS2PLACEMENT3D(#2585,#2586,#2587);
#2589=IFCLOCALPLACEMENT(#79,#2588);
#2590=IFCOWNERHISTORY(#3,#4,.READWRITE.,.MODIFIED.,1788311653,#3,#4,1788311653);
#2591=IFCCOLUMN('3AA$63HMH7MR6AoTHssuyO',#2590,'RC_Col_L3_-9000.0_3500.0',$,$,#2601,#133,$);
#2597=IFCCARTESIANPOINT((-9000.,3500.,349.99999999999966));
#2598=IFCDIRECTION((0.,0.,1.));
#2599=IFCDIRECTION((1.,0.,0.));
#2600=IFCAXIS2PLACEMENT3D(#2597,#2598,#2599);
#2601=IFCLOCALPLACEMENT(#79,#2600);
#2602=IFCOWNERHISTORY(#3,#4,.READWRITE.,.MODIFIED.,1788311653,#3,#4,1788311653);
#2603=IFCCOLUMN('1nYWdaHxbA7BD9dDcbq2US',#2602,'RC_Col_L3_-9000.0_10000.0',$,$,#2613,#133,$);
#2609=IFCCARTESIANPOINT((-9000.,10000.,349.99999999999966));
#2610=IFCDIRECTION((0.,0.,1.));
#2611=IFCDIRECTION((1.,0.,0.));
#2612=IFCAXIS2PLACEMENT3D(#2609,#2610,#2611);
#2613=IFCLOCALPLACEMENT(#79,#2612);
#2614=IFCOWNERHISTORY(#3,#4,.READWRITE.,.MODIFIED.,1788311653,#3,#4,1788311653);
#2615=IFCCOLUMN('0NQ7TMjIH5UfGwZ_CpXOa_',#2614,'RC_Col_L3_-3000.0_-10000.0',$,$,#2625,#133,$);
#2621=IFCCARTESIANPOINT((-3000.,-10000.,349.99999999999966));
#2622=IFCDIRECTION((0.,0.,1.));
#2623=IFCDIRECTION((1.,0.,0.));
#2624=IFCAXIS2PLACEMENT3D(#2621,#2622,#2623);
#2625=IFCLOCALPLACEMENT(#79,#2624);
#2626=IFCOWNERHISTORY(#3,#4,.READWRITE.,.MODIFIED.,1788311653,#3,#4,1788311653);
#2627=IFCCOLUMN('0QY_jv2Wr9su0iWwFMC0jY',#2626,'RC_Col_L3_-3000.0_-3500.0',$,$,#2637,#133,$);
#2633=IFCCARTESIANPOINT((-3000.,-3500.,349.99999999999966));
#2634=IFCDIRECTION((0.,0.,1.));
#2635=IFCDIRECTION((1.,0.,0.));
#2636=IFCAXIS2PLACEMENT3D(#2633,#2634,#2635);
#2637=IFCLOCALPLACEMENT(#79,#2636);
#2638=IFCOWNERHISTORY(#3,#4,.READWRITE.,.MODIFIED.,1788311653,#3,#4,1788311653);
#2639=IFCCOLUMN('3BteC61ln2vgMn8ym3HFvD',#2638,'RC_Col_L3_-3000.0_3500.0',$,$,#2649,#133,$);
#2645=IFCCARTESIANPOINT((-3000.,3500.,349.99999999999966));
#2646=IFCDIRECTION((0.,0.,1.));
#2647=IFCDIRECTION((1.,0.,0.));
#2648=IFCAXIS2PLACEMENT3D(#2645,#2646,#2647);
#2649=IFCLOCALPLACEMENT(#79,#2648);
#2650=IFCOWNERHISTORY(#3,#4,.READWRITE.,.MODIFIED.,1788311653,#3,#4,1788311653);
#2651=IFCCOLUMN('23DfmitFH5iPF$aGH1bt9n',#2650,'RC_Col_L3_-3000.0_10000.0',$,$,#2661,#133,$);
#2657=IFCCARTESIANPOINT((-3000.,10000.,349.99999999999966));
#2658=IFCDIRECTION((0.,0.,1.));
#2659=IFCDIRECTION((1.,0.,0.));
#2660=IFCAXIS2PLACEMENT3D(#2657,#2658,#2659);
#2661=IFCLOCALPLACEMENT(#79,#2660);
#2662=IFCOWNERHISTORY(#3,#4,.READWRITE.,.MODIFIED.,1788311653,#3,#4,1788311653);
#2663=IFCCOLUMN('3UZez_wyHFgh8yr62InS96',#2662,'RC_Col_L3_3000.0_-10000.0',$,$,#2673,#133,$);
#2669=IFCCARTESIANPOINT((3000.,-10000.,349.99999999999966));
#2670=IFCDIRECTION((0.,0.,1.));
#2671=IFCDIRECTION((1.,0.,0.));
#2672=IFCAXIS2PLACEMENT3D(#2669,#2670,#2671);
#2673=IFCLOCALPLACEMENT(#79,#2672);
#2674=IFCOWNERHISTORY(#3,#4,.READWRITE.,.MODIFIED.,1788311653,#3,#4,1788311653);
#2675=IFCCOLUMN('1eBl4dcUP0p88o9Mcx1AJK',#2674,'RC_Col_L3_3000.0_-3500.0',$,$,#2685,#133,$);
#2681=IFCCARTESIANPOINT((3000.,-3500.,349.99999999999966));
#2682=IFCDIRECTION((0.,0.,1.));
#2683=IFCDIRECTION((1.,0.,0.));
#2684=IFCAXIS2PLACEMENT3D(#2681,#2682,#2683);
#2685=IFCLOCALPLACEMENT(#79,#2684);
#2686=IFCOWNERHISTORY(#3,#4,.READWRITE.,.MODIFIED.,1788311653,#3,#4,1788311653);
#2687=IFCCOLUMN('1d1DUcQzL6Oxunav4O2_uS',#2686,'RC_Col_L3_3000.0_3500.0',$,$,#2697,#133,$);
#2693=IFCCARTESIANPOINT((3000.,3500.,349.99999999999966));
#2694=IFCDIRECTION((0.,0.,1.));
#2695=IFCDIRECTION((1.,0.,0.));
#2696=IFCAXIS2PLACEMENT3D(#2693,#2694,#2695);
#2697=IFCLOCALPLACEMENT(#79,#2696);
#2698=IFCOWNERHISTORY(#3,#4,.READWRITE.,.MODIFIED.,1788311653,#3,#4,1788311653);
#2699=IFCCOLUMN('3nbw6X6s12cg$wytca_4ay',#2698,'RC_Col_L3_3000.0_10000.0',$,$,#2709,#133,$);
#2705=IFCCARTESIANPOINT((3000.,10000.,349.99999999999966));
#2706=IFCDIRECTION((0.,0.,1.));
#2707=IFCDIRECTION((1.,0.,0.));
#2708=IFCAXIS2PLACEMENT3D(#2705,#2706,#2707);
#2709=IFCLOCALPLACEMENT(#79,#2708);
#2710=IFCOWNERHISTORY(#3,#4,.READWRITE.,.MODIFIED.,1788311653,#3,#4,1788311653);
#2711=IFCCOLUMN('1qhlpAYhL94eUMDrXolptj',#2710,'RC_Col_L3_9000.0_-10000.0',$,$,#2721,#133,$);
#2717=IFCCARTESIANPOINT((9000.,-10000.,349.99999999999966));
#2718=IFCDIRECTION((0.,0.,1.));
#2719=IFCDIRECTION((1.,0.,0.));
#2720=IFCAXIS2PLACEMENT3D(#2717,#2718,#2719);
#2721=IFCLOCALPLACEMENT(#79,#2720);
#2722=IFCOWNERHISTORY(#3,#4,.READWRITE.,.MODIFIED.,1788311653,#3,#4,1788311653);
#2723=IFCCOLUMN('33TQ$ZN4H3fR39MFg9m22G',#2722,'RC_Col_L3_9000.0_-3500.0',$,$,#2733,#133,$);
#2729=IFCCARTESIANPOINT((9000.,-3500.,349.99999999999966));
#2730=IFCDIRECTION((0.,0.,1.));
#2731=IFCDIRECTION((1.,0.,0.));
#2732=IFCAXIS2PLACEMENT3D(#2729,#2730,#2731);
#2733=IFCLOCALPLACEMENT(#79,#2732);
#2734=IFCOWNERHISTORY(#3,#4,.READWRITE.,.MODIFIED.,1788311653,#3,#4,1788311653);
#2735=IFCCOLUMN('2$SqULXrv999vX08aQN1dS',#2734,'RC_Col_L3_9000.0_3500.0',$,$,#2745,#133,$);
#2741=IFCCARTESIANPOINT((9000.,3500.,349.99999999999966));
#2742=IFCDIRECTION((0.,0.,1.));
#2743=IFCDIRECTION((1.,0.,0.));
#2744=IFCAXIS2PLACEMENT3D(#2741,#2742,#2743);
#2745=IFCLOCALPLACEMENT(#79,#2744);
#2746=IFCOWNERHISTORY(#3,#4,.READWRITE.,.MODIFIED.,1788311653,#3,#4,1788311653);
#2747=IFCCOLUMN('2g9Xjfn8H2XgdVOmVWT3QK',#2746,'RC_Col_L3_9000.0_10000.0',$,$,#2757,#133,$);
#2753=IFCCARTESIANPOINT((9000.,10000.,349.99999999999966));
#2754=IFCDIRECTION((0.,0.,1.));
#2755=IFCDIRECTION((1.,0.,0.));
#2756=IFCAXIS2PLACEMENT3D(#2753,#2754,#2755);
#2757=IFCLOCALPLACEMENT(#79,#2756);
#2758=IFCOWNERHISTORY(#3,#4,.READWRITE.,.MODIFIED.,1788311653,#3,#4,1788311653);
#2759=IFCCOLUMN('1XGL_W5nbD9gW4lLD1xort',#2758,'RC_Col_L3_15000.0_-10000.0',$,$,#2769,#133,$);
#2765=IFCCARTESIANPOINT((15000.,-10000.,349.99999999999966));
#2766=IFCDIRECTION((0.,0.,1.));
#2767=IFCDIRECTION((1.,0.,0.));
#2768=IFCAXIS2PLACEMENT3D(#2765,#2766,#2767);
#2769=IFCLOCALPLACEMENT(#79,#2768);
#2770=IFCOWNERHISTORY(#3,#4,.READWRITE.,.MODIFIED.,1788311653,#3,#4,1788311653);
#2771=IFCCOLUMN('0reNAb73f8O9TAR8TzRdm6',#2770,'RC_Col_L3_15000.0_-3500.0',$,$,#2781,#133,$);
#2777=IFCCARTESIANPOINT((15000.,-3500.,349.99999999999966));
#2778=IFCDIRECTION((0.,0.,1.));
#2779=IFCDIRECTION((1.,0.,0.));
#2780=IFCAXIS2PLACEMENT3D(#2777,#2778,#2779);
#2781=IFCLOCALPLACEMENT(#79,#2780);
#2782=IFCOWNERHISTORY(#3,#4,.READWRITE.,.MODIFIED.,1788311653,#3,#4,1788311653);
#2783=IFCCOLUMN('3RNgYPYKnFAuwec1Sq3$kR',#2782,'RC_Col_L3_15000.0_3500.0',$,$,#2793,#133,$);
#2789=IFCCARTESIANPOINT((15000.,3500.,349.99999999999966));
#2790=IFCDIRECTION((0.,0.,1.));
#2791=IFCDIRECTION((1.,0.,0.));
#2792=IFCAXIS2PLACEMENT3D(#2789,#2790,#2791);
#2793=IFCLOCALPLACEMENT(#79,#2792);
#2794=IFCOWNERHISTORY(#3,#4,.READWRITE.,.MODIFIED.,1788311653,#3,#4,1788311653);
#2795=IFCCOLUMN('0P0TeRw4n8_QIVUOLHPjuK',#2794,'RC_Col_L3_15000.0_10000.0',$,$,#2805,#133,$);
#2801=IFCCARTESIANPOINT((15000.,10000.,349.99999999999966));
#2802=IFCDIRECTION((0.,0.,1.));
#2803=IFCDIRECTION((1.,0.,0.));
#2804=IFCAXIS2PLACEMENT3D(#2801,#2802,#2803);
#2805=IFCLOCALPLACEMENT(#79,#2804);
#2806=IFCOWNERHISTORY(#3,#4,.READWRITE.,.MODIFIED.,1788311653,#3,#4,1788311653);
#2807=IFCMEMBER('3dm7b3F4rByB30xwhnHdhH',#2806,'Mullion_N_L3_-16000',$,$,#2817,#151,$);
#2813=IFCCARTESIANPOINT((-16000.,12000.,349.99999999999966));
#2814=IFCDIRECTION((0.,0.,1.));
#2815=IFCDIRECTION((1.,0.,0.));
#2816=IFCAXIS2PLACEMENT3D(#2813,#2814,#2815);
#2817=IFCLOCALPLACEMENT(#79,#2816);
#2818=IFCOWNERHISTORY(#3,#4,.READWRITE.,.MODIFIED.,1788311653,#3,#4,1788311653);
#2819=IFCMEMBER('2QA6LBeH14cfPy6ac7sBa9',#2818,'Mullion_S_L3_-16000',$,$,#2829,#151,$);
#2825=IFCCARTESIANPOINT((-16000.,-12000.,349.99999999999966));
#2826=IFCDIRECTION((0.,0.,1.));
#2827=IFCDIRECTION((1.,0.,0.));
#2828=IFCAXIS2PLACEMENT3D(#2825,#2826,#2827);
#2829=IFCLOCALPLACEMENT(#79,#2828);
#2830=IFCOWNERHISTORY(#3,#4,.READWRITE.,.MODIFIED.,1788311653,#3,#4,1788311653);
#2831=IFCMEMBER('2BXPKg4RvD$AlTOeISPC8K',#2830,'Mullion_N_L3_-14000',$,$,#2841,#151,$);
#2837=IFCCARTESIANPOINT((-14000.,12000.,349.99999999999966));
#2838=IFCDIRECTION((0.,0.,1.));
#2839=IFCDIRECTION((1.,0.,0.));
#2840=IFCAXIS2PLACEMENT3D(#2837,#2838,#2839);
#2841=IFCLOCALPLACEMENT(#79,#2840);
#2842=IFCOWNERHISTORY(#3,#4,.READWRITE.,.MODIFIED.,1788311653,#3,#4,1788311653);
#2843=IFCMEMBER('0$jTUD7ZjCHhP6lvbA8FSp',#2842,'Mullion_S_L3_-14000',$,$,#2853,#151,$);
#2849=IFCCARTESIANPOINT((-14000.,-12000.,349.99999999999966));
#2850=IFCDIRECTION((0.,0.,1.));
#2851=IFCDIRECTION((1.,0.,0.));
#2852=IFCAXIS2PLACEMENT3D(#2849,#2850,#2851);
#2853=IFCLOCALPLACEMENT(#79,#2852);
#2854=IFCOWNERHISTORY(#3,#4,.READWRITE.,.MODIFIED.,1788311653,#3,#4,1788311653);
#2855=IFCMEMBER('3vkcgFXtnABffOEc9lW5P7',#2854,'Mullion_N_L3_-12000',$,$,#2865,#151,$);
#2861=IFCCARTESIANPOINT((-12000.,12000.,349.99999999999966));
#2862=IFCDIRECTION((0.,0.,1.));
#2863=IFCDIRECTION((1.,0.,0.));
#2864=IFCAXIS2PLACEMENT3D(#2861,#2862,#2863);
#2865=IFCLOCALPLACEMENT(#79,#2864);
#2866=IFCOWNERHISTORY(#3,#4,.READWRITE.,.MODIFIED.,1788311653,#3,#4,1788311653);
#2867=IFCMEMBER('238hR16Sv85QTdr1c5YXqX',#2866,'Mullion_S_L3_-12000',$,$,#2877,#151,$);
#2873=IFCCARTESIANPOINT((-12000.,-12000.,349.99999999999966));
#2874=IFCDIRECTION((0.,0.,1.));
#2875=IFCDIRECTION((1.,0.,0.));
#2876=IFCAXIS2PLACEMENT3D(#2873,#2874,#2875);
#2877=IFCLOCALPLACEMENT(#79,#2876);
#2878=IFCOWNERHISTORY(#3,#4,.READWRITE.,.MODIFIED.,1788311653,#3,#4,1788311653);
#2879=IFCMEMBER('2MNIzTbFjFoeBx3eddzdal',#2878,'Mullion_N_L3_-10000',$,$,#2889,#151,$);
#2885=IFCCARTESIANPOINT((-10000.,12000.,349.99999999999966));
#2886=IFCDIRECTION((0.,0.,1.));
#2887=IFCDIRECTION((1.,0.,0.));
#2888=IFCAXIS2PLACEMENT3D(#2885,#2886,#2887);
#2889=IFCLOCALPLACEMENT(#79,#2888);
#2890=IFCOWNERHISTORY(#3,#4,.READWRITE.,.MODIFIED.,1788311653,#3,#4,1788311653);
#2891=IFCMEMBER('0vxFrFARzElh4lzJ2JfOsL',#2890,'Mullion_S_L3_-10000',$,$,#2901,#151,$);
#2897=IFCCARTESIANPOINT((-10000.,-12000.,349.99999999999966));
#2898=IFCDIRECTION((0.,0.,1.));
#2899=IFCDIRECTION((1.,0.,0.));
#2900=IFCAXIS2PLACEMENT3D(#2897,#2898,#2899);
#2901=IFCLOCALPLACEMENT(#79,#2900);
#2902=IFCOWNERHISTORY(#3,#4,.READWRITE.,.MODIFIED.,1788311653,#3,#4,1788311653);
#2903=IFCMEMBER('25z2WbZCD5eBqZVpqUDN6L',#2902,'Mullion_N_L3_-8000',$,$,#2913,#151,$);
#2909=IFCCARTESIANPOINT((-8000.,12000.,349.99999999999966));
#2910=IFCDIRECTION((0.,0.,1.));
#2911=IFCDIRECTION((1.,0.,0.));
#2912=IFCAXIS2PLACEMENT3D(#2909,#2910,#2911);
#2913=IFCLOCALPLACEMENT(#79,#2912);
#2914=IFCOWNERHISTORY(#3,#4,.READWRITE.,.MODIFIED.,1788311653,#3,#4,1788311653);
#2915=IFCMEMBER('2uFFuvT35DsBp6hHZPxwa4',#2914,'Mullion_S_L3_-8000',$,$,#2925,#151,$);
#2921=IFCCARTESIANPOINT((-8000.,-12000.,349.99999999999966));
#2922=IFCDIRECTION((0.,0.,1.));
#2923=IFCDIRECTION((1.,0.,0.));
#2924=IFCAXIS2PLACEMENT3D(#2921,#2922,#2923);
#2925=IFCLOCALPLACEMENT(#79,#2924);
#2926=IFCOWNERHISTORY(#3,#4,.READWRITE.,.MODIFIED.,1788311653,#3,#4,1788311653);
#2927=IFCMEMBER('0FBg9zgsn55xjOp31NDedx',#2926,'Mullion_N_L3_-6000',$,$,#2937,#151,$);
#2933=IFCCARTESIANPOINT((-6000.,12000.,349.99999999999966));
#2934=IFCDIRECTION((0.,0.,1.));
#2935=IFCDIRECTION((1.,0.,0.));
#2936=IFCAXIS2PLACEMENT3D(#2933,#2934,#2935);
#2937=IFCLOCALPLACEMENT(#79,#2936);
#2938=IFCOWNERHISTORY(#3,#4,.READWRITE.,.MODIFIED.,1788311653,#3,#4,1788311653);
#2939=IFCMEMBER('38rIhB7Jn5Yes5UkoxtpP1',#2938,'Mullion_S_L3_-6000',$,$,#2949,#151,$);
#2945=IFCCARTESIANPOINT((-6000.,-12000.,349.99999999999966));
#2946=IFCDIRECTION((0.,0.,1.));
#2947=IFCDIRECTION((1.,0.,0.));
#2948=IFCAXIS2PLACEMENT3D(#2945,#2946,#2947);
#2949=IFCLOCALPLACEMENT(#79,#2948);
#2950=IFCOWNERHISTORY(#3,#4,.READWRITE.,.MODIFIED.,1788311653,#3,#4,1788311653);
#2951=IFCMEMBER('3_68KHGBLCGgpHExw0EYyZ',#2950,'Mullion_N_L3_-4000',$,$,#2961,#151,$);
#2957=IFCCARTESIANPOINT((-4000.,12000.,349.99999999999966));
#2958=IFCDIRECTION((0.,0.,1.));
#2959=IFCDIRECTION((1.,0.,0.));
#2960=IFCAXIS2PLACEMENT3D(#2957,#2958,#2959);
#2961=IFCLOCALPLACEMENT(#79,#2960);
#2962=IFCOWNERHISTORY(#3,#4,.READWRITE.,.MODIFIED.,1788311653,#3,#4,1788311653);
#2963=IFCMEMBER('2bCS2TxQ9CChAczHKJfX7X',#2962,'Mullion_S_L3_-4000',$,$,#2973,#151,$);
#2969=IFCCARTESIANPOINT((-4000.,-12000.,349.99999999999966));
#2970=IFCDIRECTION((0.,0.,1.));
#2971=IFCDIRECTION((1.,0.,0.));
#2972=IFCAXIS2PLACEMENT3D(#2969,#2970,#2971);
#2973=IFCLOCALPLACEMENT(#79,#2972);
#2974=IFCOWNERHISTORY(#3,#4,.READWRITE.,.MODIFIED.,1788311653,#3,#4,1788311653);
#2975=IFCMEMBER('051hC9c1zAah_lJBehmBsb',#2974,'Mullion_N_L3_-2000',$,$,#2985,#151,$);
#2981=IFCCARTESIANPOINT((-2000.,12000.,349.99999999999966));
#2982=IFCDIRECTION((0.,0.,1.));
#2983=IFCDIRECTION((1.,0.,0.));
#2984=IFCAXIS2PLACEMENT3D(#2981,#2982,#2983);
#2985=IFCLOCALPLACEMENT(#79,#2984);
#2986=IFCOWNERHISTORY(#3,#4,.READWRITE.,.MODIFIED.,1788311653,#3,#4,1788311653);
#2987=IFCMEMBER('1l6ACysYjCPvFDRsnTP94B',#2986,'Mullion_S_L3_-2000',$,$,#2997,#151,$);
#2993=IFCCARTESIANPOINT((-2000.,-12000.,349.99999999999966));
#2994=IFCDIRECTION((0.,0.,1.));
#2995=IFCDIRECTION((1.,0.,0.));
#2996=IFCAXIS2PLACEMENT3D(#2993,#2994,#2995);
#2997=IFCLOCALPLACEMENT(#79,#2996);
#2998=IFCOWNERHISTORY(#3,#4,.READWRITE.,.MODIFIED.,1788311653,#3,#4,1788311653);
#2999=IFCMEMBER('0$vHOOARn8QuXaq$asrJyv',#2998,'Mullion_N_L3_0',$,$,#3009,#151,$);
#3005=IFCCARTESIANPOINT((0.,12000.,349.99999999999966));
#3006=IFCDIRECTION((0.,0.,1.));
#3007=IFCDIRECTION((1.,0.,0.));
#3008=IFCAXIS2PLACEMENT3D(#3005,#3006,#3007);
#3009=IFCLOCALPLACEMENT(#79,#3008);
#3010=IFCOWNERHISTORY(#3,#4,.READWRITE.,.MODIFIED.,1788311653,#3,#4,1788311653);
#3011=IFCMEMBER('0hhrbYhHrFvfZoHyobl7zA',#3010,'Mullion_S_L3_0',$,$,#3021,#151,$);
#3017=IFCCARTESIANPOINT((0.,-12000.,349.99999999999966));
#3018=IFCDIRECTION((0.,0.,1.));
#3019=IFCDIRECTION((1.,0.,0.));
#3020=IFCAXIS2PLACEMENT3D(#3017,#3018,#3019);
#3021=IFCLOCALPLACEMENT(#79,#3020);
#3022=IFCOWNERHISTORY(#3,#4,.READWRITE.,.MODIFIED.,1788311653,#3,#4,1788311653);
#3023=IFCMEMBER('03NnThrDX9rwGFz3yQ2I7m',#3022,'Mullion_N_L3_2000',$,$,#3033,#151,$);
#3029=IFCCARTESIANPOINT((2000.,12000.,349.99999999999966));
#3030=IFCDIRECTION((0.,0.,1.));
#3031=IFCDIRECTION((1.,0.,0.));
#3032=IFCAXIS2PLACEMENT3D(#3029,#3030,#3031);
#3033=IFCLOCALPLACEMENT(#79,#3032);
#3034=IFCOWNERHISTORY(#3,#4,.READWRITE.,.MODIFIED.,1788311653,#3,#4,1788311653);
#3035=IFCMEMBER('0ymd782Er1P8OV_$zTOVnc',#3034,'Mullion_S_L3_2000',$,$,#3045,#151,$);
#3041=IFCCARTESIANPOINT((2000.,-12000.,349.99999999999966));
#3042=IFCDIRECTION((0.,0.,1.));
#3043=IFCDIRECTION((1.,0.,0.));
#3044=IFCAXIS2PLACEMENT3D(#3041,#3042,#3043);
#3045=IFCLOCALPLACEMENT(#79,#3044);
#3046=IFCOWNERHISTORY(#3,#4,.READWRITE.,.MODIFIED.,1788311653,#3,#4,1788311653);
#3047=IFCMEMBER('2ixRoTP1DA8Pg7RFpUOBAY',#3046,'Mullion_N_L3_4000',$,$,#3057,#151,$);
#3053=IFCCARTESIANPOINT((4000.,12000.,349.99999999999966));
#3054=IFCDIRECTION((0.,0.,1.));
#3055=IFCDIRECTION((1.,0.,0.));
#3056=IFCAXIS2PLACEMENT3D(#3053,#3054,#3055);
#3057=IFCLOCALPLACEMENT(#79,#3056);
#3058=IFCOWNERHISTORY(#3,#4,.READWRITE.,.MODIFIED.,1788311653,#3,#4,1788311653);
#3059=IFCMEMBER('2JNALkUyjACvQ4Aw5cWbge',#3058,'Mullion_S_L3_4000',$,$,#3069,#151,$);
#3065=IFCCARTESIANPOINT((4000.,-12000.,349.99999999999966));
#3066=IFCDIRECTION((0.,0.,1.));
#3067=IFCDIRECTION((1.,0.,0.));
#3068=IFCAXIS2PLACEMENT3D(#3065,#3066,#3067);
#3069=IFCLOCALPLACEMENT(#79,#3068);
#3070=IFCOWNERHISTORY(#3,#4,.READWRITE.,.MODIFIED.,1788311653,#3,#4,1788311653);
#3071=IFCMEMBER('2L1ZD7Nrn1Mu3imc$xou80',#3070,'Mullion_N_L3_6000',$,$,#3081,#151,$);
#3077=IFCCARTESIANPOINT((6000.,12000.,349.99999999999966));
#3078=IFCDIRECTION((0.,0.,1.));
#3079=IFCDIRECTION((1.,0.,0.));
#3080=IFCAXIS2PLACEMENT3D(#3077,#3078,#3079);
#3081=IFCLOCALPLACEMENT(#79,#3080);
#3082=IFCOWNERHISTORY(#3,#4,.READWRITE.,.MODIFIED.,1788311653,#3,#4,1788311653);
#3083=IFCMEMBER('0C1wjQnVb22vnTWtEO1H8L',#3082,'Mullion_S_L3_6000',$,$,#3093,#151,$);
#3089=IFCCARTESIANPOINT((6000.,-12000.,349.99999999999966));
#3090=IFCDIRECTION((0.,0.,1.));
#3091=IFCDIRECTION((1.,0.,0.));
#3092=IFCAXIS2PLACEMENT3D(#3089,#3090,#3091);
#3093=IFCLOCALPLACEMENT(#79,#3092);
#3094=IFCOWNERHISTORY(#3,#4,.READWRITE.,.MODIFIED.,1788311653,#3,#4,1788311653);
#3095=IFCMEMBER('1r36LIPQf0nftzif$_hH_v',#3094,'Mullion_N_L3_8000',$,$,#3105,#151,$);
#3101=IFCCARTESIANPOINT((8000.,12000.,349.99999999999966));
#3102=IFCDIRECTION((0.,0.,1.));
#3103=IFCDIRECTION((1.,0.,0.));
#3104=IFCAXIS2PLACEMENT3D(#3101,#3102,#3103);
#3105=IFCLOCALPLACEMENT(#79,#3104);
#3106=IFCOWNERHISTORY(#3,#4,.READWRITE.,.MODIFIED.,1788311653,#3,#4,1788311653);
#3107=IFCMEMBER('1xGSbtxAX46P1JL5j$ZQIq',#3106,'Mullion_S_L3_8000',$,$,#3117,#151,$);
#3113=IFCCARTESIANPOINT((8000.,-12000.,349.99999999999966));
#3114=IFCDIRECTION((0.,0.,1.));
#3115=IFCDIRECTION((1.,0.,0.));
#3116=IFCAXIS2PLACEMENT3D(#3113,#3114,#3115);
#3117=IFCLOCALPLACEMENT(#79,#3116);
#3118=IFCOWNERHISTORY(#3,#4,.READWRITE.,.MODIFIED.,1788311653,#3,#4,1788311653);
#3119=IFCMEMBER('3CucHvDb90UQjGw9YKMRZE',#3118,'Mullion_N_L3_10000',$,$,#3129,#151,$);
#3125=IFCCARTESIANPOINT((10000.,12000.,349.99999999999966));
#3126=IFCDIRECTION((0.,0.,1.));
#3127=IFCDIRECTION((1.,0.,0.));
#3128=IFCAXIS2PLACEMENT3D(#3125,#3126,#3127);
#3129=IFCLOCALPLACEMENT(#79,#3128);
#3130=IFCOWNERHISTORY(#3,#4,.READWRITE.,.MODIFIED.,1788311653,#3,#4,1788311653);
#3131=IFCMEMBER('38ZD5c1bnC$fN6OWvFDTK9',#3130,'Mullion_S_L3_10000',$,$,#3141,#151,$);
#3137=IFCCARTESIANPOINT((10000.,-12000.,349.99999999999966));
#3138=IFCDIRECTION((0.,0.,1.));
#3139=IFCDIRECTION((1.,0.,0.));
#3140=IFCAXIS2PLACEMENT3D(#3137,#3138,#3139);
#3141=IFCLOCALPLACEMENT(#79,#3140);
#3142=IFCOWNERHISTORY(#3,#4,.READWRITE.,.MODIFIED.,1788311653,#3,#4,1788311653);
#3143=IFCMEMBER('3GJYX3Blj9e8FAvPdD3uWQ',#3142,'Mullion_N_L3_12000',$,$,#3153,#151,$);
#3149=IFCCARTESIANPOINT((12000.,12000.,349.99999999999966));
#3150=IFCDIRECTION((0.,0.,1.));
#3151=IFCDIRECTION((1.,0.,0.));
#3152=IFCAXIS2PLACEMENT3D(#3149,#3150,#3151);
#3153=IFCLOCALPLACEMENT(#79,#3152);
#3154=IFCOWNERHISTORY(#3,#4,.READWRITE.,.MODIFIED.,1788311653,#3,#4,1788311653);
#3155=IFCMEMBER('2mkd53erXFUgTKRuAitNeu',#3154,'Mullion_S_L3_12000',$,$,#3165,#151,$);
#3161=IFCCARTESIANPOINT((12000.,-12000.,349.99999999999966));
#3162=IFCDIRECTION((0.,0.,1.));
#3163=IFCDIRECTION((1.,0.,0.));
#3164=IFCAXIS2PLACEMENT3D(#3161,#3162,#3163);
#3165=IFCLOCALPLACEMENT(#79,#3164);
#3166=IFCOWNERHISTORY(#3,#4,.READWRITE.,.MODIFIED.,1788311653,#3,#4,1788311653);
#3167=IFCMEMBER('3G4JfeqIrF9gHKqzAps_oR',#3166,'Mullion_N_L3_14000',$,$,#3177,#151,$);
#3173=IFCCARTESIANPOINT((14000.,12000.,349.99999999999966));
#3174=IFCDIRECTION((0.,0.,1.));
#3175=IFCDIRECTION((1.,0.,0.));
#3176=IFCAXIS2PLACEMENT3D(#3173,#3174,#3175);
#3177=IFCLOCALPLACEMENT(#79,#3176);
#3178=IFCOWNERHISTORY(#3,#4,.READWRITE.,.MODIFIED.,1788311653,#3,#4,1788311653);
#3179=IFCMEMBER('3PnD4n4xfApfvAg6gSrLbl',#3178,'Mullion_S_L3_14000',$,$,#3189,#151,$);
#3185=IFCCARTESIANPOINT((14000.,-12000.,349.99999999999966));
#3186=IFCDIRECTION((0.,0.,1.));
#3187=IFCDIRECTION((1.,0.,0.));
#3188=IFCAXIS2PLACEMENT3D(#3185,#3186,#3187);
#3189=IFCLOCALPLACEMENT(#79,#3188);
#3190=IFCOWNERHISTORY(#3,#4,.READWRITE.,.MODIFIED.,1788311653,#3,#4,1788311653);
#3191=IFCMEMBER('18MwwGuTX0cv4qrGSKSm0q',#3190,'Mullion_N_L3_16000',$,$,#3201,#151,$);
#3197=IFCCARTESIANPOINT((16000.,12000.,349.99999999999966));
#3198=IFCDIRECTION((0.,0.,1.));
#3199=IFCDIRECTION((1.,0.,0.));
#3200=IFCAXIS2PLACEMENT3D(#3197,#3198,#3199);
#3201=IFCLOCALPLACEMENT(#79,#3200);
#3202=IFCOWNERHISTORY(#3,#4,.READWRITE.,.MODIFIED.,1788311653,#3,#4,1788311653);
#3203=IFCMEMBER('1dwZXLuBfFYwzy2SHytQWQ',#3202,'Mullion_S_L3_16000',$,$,#3213,#151,$);
#3209=IFCCARTESIANPOINT((16000.,-12000.,349.99999999999966));
#3210=IFCDIRECTION((0.,0.,1.));
#3211=IFCDIRECTION((1.,0.,0.));
#3212=IFCAXIS2PLACEMENT3D(#3209,#3210,#3211);
#3213=IFCLOCALPLACEMENT(#79,#3212);
#3214=IFCOWNERHISTORY(#3,#4,.READWRITE.,.MODIFIED.,1788311653,#3,#4,1788311653);
#3215=IFCSLAB('1QftEKBbD3LxPQoPcuTJX9',#3214,'RC_Slab_L4_350mm',$,$,#3227,#124,$,$);
#3221=IFCOWNERHISTORY(#3,#4,.READWRITE.,.MODIFIED.,1788311654,#3,#4,1788311653);
#3222=IFCRELCONTAINEDINSPATIALSTRUCTURE('0EKhS7mGXBX83WyMQkS0EC',#3221,$,$,(#3469,#3253,#3625,#3781,#3385,#3757,#6125,#6497,#6257,#3277,#3649,#6173,#3805,#6545,#3565,#3215,#3937,#3325,#3697,#6677,#3613,#6281,#6653,#6437,#3829,#6197,#6569,#6353,#6329,#6725,#3349,#3721,#3505,#3481,#3877,#3265,#3793,#3397,#6593,#6377,#6137,#6509,#3529,#3901,#6269,#3289,#3661,#3577,#3709,#6689,#6293,#6077,#6449,#3841,#3817,#6713,#6209,#6581,#6365,#3361,#3733,#3517,#3493,#3889,#6101,#3409,#6473,#6629,#6233,#6605,#6389,#6149,#6521,#3541,#3913,#3301,#3673,#3433,#3589,#6413,#6701,#6305,#6461,#6833,#3853,#6221,#3457,#3241,#3769,#3373,#3745,#6113,#6089,#6485,#6641,#6245,#6617,#3421,#3637,#6401,#6161,#6533,#3553,#3925,#3313,#3685,#3445,#6665,#3229,#3601,#6425,#6185,#6557,#6341,#6317,#3337,#3865),#81);
#3223=IFCCARTESIANPOINT((0.,0.,0.));
#3224=IFCDIRECTION((0.,0.,1.));
#3225=IFCDIRECTION((1.,0.,0.));
#3226=IFCAXIS2PLACEMENT3D(#3223,#3224,#3225);
#3227=IFCLOCALPLACEMENT(#91,#3226);
#3228=IFCOWNERHISTORY(#3,#4,.READWRITE.,.MODIFIED.,1788311653,#3,#4,1788311653);
#3229=IFCWALL('0mJ6m_cpzDVPajl4vpt9Fi',#3228,'Core_North_L4',$,$,#3239,#142,$);
#3235=IFCCARTESIANPOINT((0.,3000.,349.99999999999966));
#3236=IFCDIRECTION((0.,0.,1.));
#3237=IFCDIRECTION((1.,0.,0.));
#3238=IFCAXIS2PLACEMENT3D(#3235,#3236,#3237);
#3239=IFCLOCALPLACEMENT(#91,#3238);
#3240=IFCOWNERHISTORY(#3,#4,.READWRITE.,.MODIFIED.,1788311653,#3,#4,1788311653);
#3241=IFCWALL('1ouELtEPT4_OSP15sS4FB4',#3240,'Core_South_L4',$,$,#3251,#142,$);
#3247=IFCCARTESIANPOINT((0.,-3000.,349.99999999999966));
#3248=IFCDIRECTION((0.,0.,1.));
#3249=IFCDIRECTION((1.,0.,0.));
#3250=IFCAXIS2PLACEMENT3D(#3247,#3248,#3249);
#3251=IFCLOCALPLACEMENT(#91,#3250);
#3252=IFCOWNERHISTORY(#3,#4,.READWRITE.,.MODIFIED.,1788311653,#3,#4,1788311653);
#3253=IFCCOLUMN('3sPI3tWqn2De6Gi_W2wE6O',#3252,'RC_Col_L4_-15000.0_-10000.0',$,$,#3263,#133,$);
#3259=IFCCARTESIANPOINT((-15000.,-10000.,349.99999999999966));
#3260=IFCDIRECTION((0.,0.,1.));
#3261=IFCDIRECTION((1.,0.,0.));
#3262=IFCAXIS2PLACEMENT3D(#3259,#3260,#3261);
#3263=IFCLOCALPLACEMENT(#91,#3262);
#3264=IFCOWNERHISTORY(#3,#4,.READWRITE.,.MODIFIED.,1788311653,#3,#4,1788311653);
#3265=IFCCOLUMN('2i4IAvCoLEBenB3NYBnKHH',#3264,'RC_Col_L4_-15000.0_-3500.0',$,$,#3275,#133,$);
#3271=IFCCARTESIANPOINT((-15000.,-3500.,349.99999999999966));
#3272=IFCDIRECTION((0.,0.,1.));
#3273=IFCDIRECTION((1.,0.,0.));
#3274=IFCAXIS2PLACEMENT3D(#3271,#3272,#3273);
#3275=IFCLOCALPLACEMENT(#91,#3274);
#3276=IFCOWNERHISTORY(#3,#4,.READWRITE.,.MODIFIED.,1788311653,#3,#4,1788311653);
#3277=IFCCOLUMN('3sVvpAzhbFYfr6ChFEEtVg',#3276,'RC_Col_L4_-15000.0_3500.0',$,$,#3287,#133,$);
#3283=IFCCARTESIANPOINT((-15000.,3500.,349.99999999999966));
#3284=IFCDIRECTION((0.,0.,1.));
#3285=IFCDIRECTION((1.,0.,0.));
#3286=IFCAXIS2PLACEMENT3D(#3283,#3284,#3285);
#3287=IFCLOCALPLACEMENT(#91,#3286);
#3288=IFCOWNERHISTORY(#3,#4,.READWRITE.,.MODIFIED.,1788311653,#3,#4,1788311653);
#3289=IFCCOLUMN('3G9OKfGHv5CQN0ZmlgMBYs',#3288,'RC_Col_L4_-15000.0_10000.0',$,$,#3299,#133,$);
#3295=IFCCARTESIANPOINT((-15000.,10000.,349.99999999999966));
#3296=IFCDIRECTION((0.,0.,1.));
#3297=IFCDIRECTION((1.,0.,0.));
#3298=IFCAXIS2PLACEMENT3D(#3295,#3296,#3297);
#3299=IFCLOCALPLACEMENT(#91,#3298);
#3300=IFCOWNERHISTORY(#3,#4,.READWRITE.,.MODIFIED.,1788311653,#3,#4,1788311653);
#3301=IFCCOLUMN('3_6Du7vajAs98tTzAuRGIb',#3300,'RC_Col_L4_-9000.0_-10000.0',$,$,#3311,#133,$);
#3307=IFCCARTESIANPOINT((-9000.,-10000.,349.99999999999966));
#3308=IFCDIRECTION((0.,0.,1.));
#3309=IFCDIRECTION((1.,0.,0.));
#3310=IFCAXIS2PLACEMENT3D(#3307,#3308,#3309);
#3311=IFCLOCALPLACEMENT(#91,#3310);
#3312=IFCOWNERHISTORY(#3,#4,.READWRITE.,.MODIFIED.,1788311653,#3,#4,1788311653);
#3313=IFCCOLUMN('0dXXTkzPz8h9p4Qv3Qwykn',#3312,'RC_Col_L4_-9000.0_-3500.0',$,$,#3323,#133,$);
#3319=IFCCARTESIANPOINT((-9000.,-3500.,349.99999999999966));
#3320=IFCDIRECTION((0.,0.,1.));
#3321=IFCDIRECTION((1.,0.,0.));
#3322=IFCAXIS2PLACEMENT3D(#3319,#3320,#3321);
#3323=IFCLOCALPLACEMENT(#91,#3322);
#3324=IFCOWNERHISTORY(#3,#4,.READWRITE.,.MODIFIED.,1788311653,#3,#4,1788311653);
#3325=IFCCOLUMN('3Gn5WqxGT24RI9GeUGLdX3',#3324,'RC_Col_L4_-9000.0_3500.0',$,$,#3335,#133,$);
#3331=IFCCARTESIANPOINT((-9000.,3500.,349.99999999999966));
#3332=IFCDIRECTION((0.,0.,1.));
#3333=IFCDIRECTION((1.,0.,0.));
#3334=IFCAXIS2PLACEMENT3D(#3331,#3332,#3333);
#3335=IFCLOCALPLACEMENT(#91,#3334);
#3336=IFCOWNERHISTORY(#3,#4,.READWRITE.,.MODIFIED.,1788311653,#3,#4,1788311653);
#3337=IFCCOLUMN('19L4ByONL8ww$h6hHwUp6W',#3336,'RC_Col_L4_-9000.0_10000.0',$,$,#3347,#133,$);
#3343=IFCCARTESIANPOINT((-9000.,10000.,349.99999999999966));
#3344=IFCDIRECTION((0.,0.,1.));
#3345=IFCDIRECTION((1.,0.,0.));
#3346=IFCAXIS2PLACEMENT3D(#3343,#3344,#3345);
#3347=IFCLOCALPLACEMENT(#91,#3346);
#3348=IFCOWNERHISTORY(#3,#4,.READWRITE.,.MODIFIED.,1788311653,#3,#4,1788311653);
#3349=IFCCOLUMN('0Vl1nImBrAuwRsd55ixAYn',#3348,'RC_Col_L4_-3000.0_-10000.0',$,$,#3359,#133,$);
#3355=IFCCARTESIANPOINT((-3000.,-10000.,349.99999999999966));
#3356=IFCDIRECTION((0.,0.,1.));
#3357=IFCDIRECTION((1.,0.,0.));
#3358=IFCAXIS2PLACEMENT3D(#3355,#3356,#3357);
#3359=IFCLOCALPLACEMENT(#91,#3358);
#3360=IFCOWNERHISTORY(#3,#4,.READWRITE.,.MODIFIED.,1788311653,#3,#4,1788311653);
#3361=IFCCOLUMN('0IT7dAXin9_wwUjR6eaeYZ',#3360,'RC_Col_L4_-3000.0_-3500.0',$,$,#3371,#133,$);
#3367=IFCCARTESIANPOINT((-3000.,-3500.,349.99999999999966));
#3368=IFCDIRECTION((0.,0.,1.));
#3369=IFCDIRECTION((1.,0.,0.));
#3370=IFCAXIS2PLACEMENT3D(#3367,#3368,#3369);
#3371=IFCLOCALPLACEMENT(#91,#3370);
#3372=IFCOWNERHISTORY(#3,#4,.READWRITE.,.MODIFIED.,1788311653,#3,#4,1788311653);
#3373=IFCCOLUMN('0G1Gh9bkDEUhd$S6SudjJG',#3372,'RC_Col_L4_-3000.0_3500.0',$,$,#3383,#133,$);
#3379=IFCCARTESIANPOINT((-3000.,3500.,349.99999999999966));
#3380=IFCDIRECTION((0.,0.,1.));
#3381=IFCDIRECTION((1.,0.,0.));
#3382=IFCAXIS2PLACEMENT3D(#3379,#3380,#3381);
#3383=IFCLOCALPLACEMENT(#91,#3382);
#3384=IFCOWNERHISTORY(#3,#4,.READWRITE.,.MODIFIED.,1788311653,#3,#4,1788311653);
#3385=IFCCOLUMN('2BTkrisIPAWg9bf7ROPmOb',#3384,'RC_Col_L4_-3000.0_10000.0',$,$,#3395,#133,$);
#3391=IFCCARTESIANPOINT((-3000.,10000.,349.99999999999966));
#3392=IFCDIRECTION((0.,0.,1.));
#3393=IFCDIRECTION((1.,0.,0.));
#3394=IFCAXIS2PLACEMENT3D(#3391,#3392,#3393);
#3395=IFCLOCALPLACEMENT(#91,#3394);
#3396=IFCOWNERHISTORY(#3,#4,.READWRITE.,.MODIFIED.,1788311653,#3,#4,1788311653);
#3397=IFCCOLUMN('2Q5l9qCobCQfmZKCMILdb9',#3396,'RC_Col_L4_3000.0_-10000.0',$,$,#3407,#133,$);
#3403=IFCCARTESIANPOINT((3000.,-10000.,349.99999999999966));
#3404=IFCDIRECTION((0.,0.,1.));
#3405=IFCDIRECTION((1.,0.,0.));
#3406=IFCAXIS2PLACEMENT3D(#3403,#3404,#3405);
#3407=IFCLOCALPLACEMENT(#91,#3406);
#3408=IFCOWNERHISTORY(#3,#4,.READWRITE.,.MODIFIED.,1788311653,#3,#4,1788311653);
#3409=IFCCOLUMN('39fxz605P5P8RAoxR2Eqw2',#3408,'RC_Col_L4_3000.0_-3500.0',$,$,#3419,#133,$);
#3415=IFCCARTESIANPOINT((3000.,-3500.,349.99999999999966));
#3416=IFCDIRECTION((0.,0.,1.));
#3417=IFCDIRECTION((1.,0.,0.));
#3418=IFCAXIS2PLACEMENT3D(#3415,#3416,#3417);
#3419=IFCLOCALPLACEMENT(#91,#3418);
#3420=IFCOWNERHISTORY(#3,#4,.READWRITE.,.MODIFIED.,1788311653,#3,#4,1788311653);
#3421=IFCCOLUMN('3I0XFq_yX43QoQhC$NDDYw',#3420,'RC_Col_L4_3000.0_3500.0',$,$,#3431,#133,$);
#3427=IFCCARTESIANPOINT((3000.,3500.,349.99999999999966));
#3428=IFCDIRECTION((0.,0.,1.));
#3429=IFCDIRECTION((1.,0.,0.));
#3430=IFCAXIS2PLACEMENT3D(#3427,#3428,#3429);
#3431=IFCLOCALPLACEMENT(#91,#3430);
#3432=IFCOWNERHISTORY(#3,#4,.READWRITE.,.MODIFIED.,1788311653,#3,#4,1788311653);
#3433=IFCCOLUMN('05I5X9EF58OxHXraWnLNDM',#3432,'RC_Col_L4_3000.0_10000.0',$,$,#3443,#133,$);
#3439=IFCCARTESIANPOINT((3000.,10000.,349.99999999999966));
#3440=IFCDIRECTION((0.,0.,1.));
#3441=IFCDIRECTION((1.,0.,0.));
#3442=IFCAXIS2PLACEMENT3D(#3439,#3440,#3441);
#3443=IFCLOCALPLACEMENT(#91,#3442);
#3444=IFCOWNERHISTORY(#3,#4,.READWRITE.,.MODIFIED.,1788311653,#3,#4,1788311653);
#3445=IFCCOLUMN('3Qt$DiH$f0iQIPkq0rbx0_',#3444,'RC_Col_L4_9000.0_-10000.0',$,$,#3455,#133,$);
#3451=IFCCARTESIANPOINT((9000.,-10000.,349.99999999999966));
#3452=IFCDIRECTION((0.,0.,1.));
#3453=IFCDIRECTION((1.,0.,0.));
#3454=IFCAXIS2PLACEMENT3D(#3451,#3452,#3453);
#3455=IFCLOCALPLACEMENT(#91,#3454);
#3456=IFCOWNERHISTORY(#3,#4,.READWRITE.,.MODIFIED.,1788311653,#3,#4,1788311653);
#3457=IFCCOLUMN('2pt_$90d1BF8GVlfNM2Ohs',#3456,'RC_Col_L4_9000.0_-3500.0',$,$,#3467,#133,$);
#3463=IFCCARTESIANPOINT((9000.,-3500.,349.99999999999966));
#3464=IFCDIRECTION((0.,0.,1.));
#3465=IFCDIRECTION((1.,0.,0.));
#3466=IFCAXIS2PLACEMENT3D(#3463,#3464,#3465);
#3467=IFCLOCALPLACEMENT(#91,#3466);
#3468=IFCOWNERHISTORY(#3,#4,.READWRITE.,.MODIFIED.,1788311653,#3,#4,1788311653);
#3469=IFCCOLUMN('1MoeMKPHj8IADxhytDwE0T',#3468,'RC_Col_L4_9000.0_3500.0',$,$,#3479,#133,$);
#3475=IFCCARTESIANPOINT((9000.,3500.,349.99999999999966));
#3476=IFCDIRECTION((0.,0.,1.));
#3477=IFCDIRECTION((1.,0.,0.));
#3478=IFCAXIS2PLACEMENT3D(#3475,#3476,#3477);
#3479=IFCLOCALPLACEMENT(#91,#3478);
#3480=IFCOWNERHISTORY(#3,#4,.READWRITE.,.MODIFIED.,1788311653,#3,#4,1788311653);
#3481=IFCCOLUMN('2tTo40CQr3LgMoARawkYaq',#3480,'RC_Col_L4_9000.0_10000.0',$,$,#3491,#133,$);
#3487=IFCCARTESIANPOINT((9000.,10000.,349.99999999999966));
#3488=IFCDIRECTION((0.,0.,1.));
#3489=IFCDIRECTION((1.,0.,0.));
#3490=IFCAXIS2PLACEMENT3D(#3487,#3488,#3489);
#3491=IFCLOCALPLACEMENT(#91,#3490);
#3492=IFCOWNERHISTORY(#3,#4,.READWRITE.,.MODIFIED.,1788311653,#3,#4,1788311653);
#3493=IFCCOLUMN('0f8XyzuFD81weuh2xXZ2vw',#3492,'RC_Col_L4_15000.0_-10000.0',$,$,#3503,#133,$);
#3499=IFCCARTESIANPOINT((15000.,-10000.,349.99999999999966));
#3500=IFCDIRECTION((0.,0.,1.));
#3501=IFCDIRECTION((1.,0.,0.));
#3502=IFCAXIS2PLACEMENT3D(#3499,#3500,#3501);
#3503=IFCLOCALPLACEMENT(#91,#3502);
#3504=IFCOWNERHISTORY(#3,#4,.READWRITE.,.MODIFIED.,1788311653,#3,#4,1788311653);
#3505=IFCCOLUMN('10QgLB_ubBLRtVu$93ipvq',#3504,'RC_Col_L4_15000.0_-3500.0',$,$,#3515,#133,$);
#3511=IFCCARTESIANPOINT((15000.,-3500.,349.99999999999966));
#3512=IFCDIRECTION((0.,0.,1.));
#3513=IFCDIRECTION((1.,0.,0.));
#3514=IFCAXIS2PLACEMENT3D(#3511,#3512,#3513);
#3515=IFCLOCALPLACEMENT(#91,#3514);
#3516=IFCOWNERHISTORY(#3,#4,.READWRITE.,.MODIFIED.,1788311653,#3,#4,1788311653);
#3517=IFCCOLUMN('2HotzVsyv0tQvgzYhndNVU',#3516,'RC_Col_L4_15000.0_3500.0',$,$,#3527,#133,$);
#3523=IFCCARTESIANPOINT((15000.,3500.,349.99999999999966));
#3524=IFCDIRECTION((0.,0.,1.));
#3525=IFCDIRECTION((1.,0.,0.));
#3526=IFCAXIS2PLACEMENT3D(#3523,#3524,#3525);
#3527=IFCLOCALPLACEMENT(#91,#3526);
#3528=IFCOWNERHISTORY(#3,#4,.READWRITE.,.MODIFIED.,1788311653,#3,#4,1788311653);
#3529=IFCCOLUMN('2lH2FVZcnCXPO5uKBY$5kG',#3528,'RC_Col_L4_15000.0_10000.0',$,$,#3539,#133,$);
#3535=IFCCARTESIANPOINT((15000.,10000.,349.99999999999966));
#3536=IFCDIRECTION((0.,0.,1.));
#3537=IFCDIRECTION((1.,0.,0.));
#3538=IFCAXIS2PLACEMENT3D(#3535,#3536,#3537);
#3539=IFCLOCALPLACEMENT(#91,#3538);
#3540=IFCOWNERHISTORY(#3,#4,.READWRITE.,.MODIFIED.,1788311653,#3,#4,1788311653);
#3541=IFCMEMBER('0gTA$5szr0pggg_8Xu4nPK',#3540,'Mullion_N_L4_-16000',$,$,#3551,#151,$);
#3547=IFCCARTESIANPOINT((-16000.,12000.,349.99999999999966));
#3548=IFCDIRECTION((0.,0.,1.));
#3549=IFCDIRECTION((1.,0.,0.));
#3550=IFCAXIS2PLACEMENT3D(#3547,#3548,#3549);
#3551=IFCLOCALPLACEMENT(#91,#3550);
#3552=IFCOWNERHISTORY(#3,#4,.READWRITE.,.MODIFIED.,1788311653,#3,#4,1788311653);
#3553=IFCMEMBER('02J$94ytP8tvvASB7BQMsF',#3552,'Mullion_S_L4_-16000',$,$,#3563,#151,$);
#3559=IFCCARTESIANPOINT((-16000.,-12000.,349.99999999999966));
#3560=IFCDIRECTION((0.,0.,1.));
#3561=IFCDIRECTION((1.,0.,0.));
#3562=IFCAXIS2PLACEMENT3D(#3559,#3560,#3561);
#3563=IFCLOCALPLACEMENT(#91,#3562);
#3564=IFCOWNERHISTORY(#3,#4,.READWRITE.,.MODIFIED.,1788311653,#3,#4,1788311653);
#3565=IFCMEMBER('0ek0K7yifBxxmswQTEZk1R',#3564,'Mullion_N_L4_-14000',$,$,#3575,#151,$);
#3571=IFCCARTESIANPOINT((-14000.,12000.,349.99999999999966));
#3572=IFCDIRECTION((0.,0.,1.));
#3573=IFCDIRECTION((1.,0.,0.));
#3574=IFCAXIS2PLACEMENT3D(#3571,#3572,#3573);
#3575=IFCLOCALPLACEMENT(#91,#3574);
#3576=IFCOWNERHISTORY(#3,#4,.READWRITE.,.MODIFIED.,1788311653,#3,#4,1788311653);
#3577=IFCMEMBER('1Nf4FeTIH0WORoxKxLc9_u',#3576,'Mullion_S_L4_-14000',$,$,#3587,#151,$);
#3583=IFCCARTESIANPOINT((-14000.,-12000.,349.99999999999966));
#3584=IFCDIRECTION((0.,0.,1.));
#3585=IFCDIRECTION((1.,0.,0.));
#3586=IFCAXIS2PLACEMENT3D(#3583,#3584,#3585);
#3587=IFCLOCALPLACEMENT(#91,#3586);
#3588=IFCOWNERHISTORY(#3,#4,.READWRITE.,.MODIFIED.,1788311653,#3,#4,1788311653);
#3589=IFCMEMBER('1wuzuXvILEFf1wOYrhW2E7',#3588,'Mullion_N_L4_-12000',$,$,#3599,#151,$);
#3595=IFCCARTESIANPOINT((-12000.,12000.,349.99999999999966));
#3596=IFCDIRECTION((0.,0.,1.));
#3597=IFCDIRECTION((1.,0.,0.));
#3598=IFCAXIS2PLACEMENT3D(#3595,#3596,#3597);
#3599=IFCLOCALPLACEMENT(#91,#3598);
#3600=IFCOWNERHISTORY(#3,#4,.READWRITE.,.MODIFIED.,1788311653,#3,#4,1788311653);
#3601=IFCMEMBER('3mh_vVGB147f6WbEWQLOGm',#3600,'Mullion_S_L4_-12000',$,$,#3611,#151,$);
#3607=IFCCARTESIANPOINT((-12000.,-12000.,349.99999999999966));
#3608=IFCDIRECTION((0.,0.,1.));
#3609=IFCDIRECTION((1.,0.,0.));
#3610=IFCAXIS2PLACEMENT3D(#3607,#3608,#3609);
#3611=IFCLOCALPLACEMENT(#91,#3610);
#3612=IFCOWNERHISTORY(#3,#4,.READWRITE.,.MODIFIED.,1788311653,#3,#4,1788311653);
#3613=IFCMEMBER('3JJI_J1n52gunyN$JJCfL0',#3612,'Mullion_N_L4_-10000',$,$,#3623,#151,$);
#3619=IFCCARTESIANPOINT((-10000.,12000.,349.99999999999966));
#3620=IFCDIRECTION((0.,0.,1.));
#3621=IFCDIRECTION((1.,0.,0.));
#3622=IFCAXIS2PLACEMENT3D(#3619,#3620,#3621);
#3623=IFCLOCALPLACEMENT(#91,#3622);
#3624=IFCOWNERHISTORY(#3,#4,.READWRITE.,.MODIFIED.,1788311653,#3,#4,1788311653);
#3625=IFCMEMBER('0rkFBMHXLCyuQ3MkJv8DHP',#3624,'Mullion_S_L4_-10000',$,$,#3635,#151,$);
#3631=IFCCARTESIANPOINT((-10000.,-12000.,349.99999999999966));
#3632=IFCDIRECTION((0.,0.,1.));
#3633=IFCDIRECTION((1.,0.,0.));
#3634=IFCAXIS2PLACEMENT3D(#3631,#3632,#3633);
#3635=IFCLOCALPLACEMENT(#91,#3634);
#3636=IFCOWNERHISTORY(#3,#4,.READWRITE.,.MODIFIED.,1788311653,#3,#4,1788311653);
#3637=IFCMEMBER('3ZSw13bM11wfjirq6BPeYp',#3636,'Mullion_N_L4_-8000',$,$,#3647,#151,$);
#3643=IFCCARTESIANPOINT((-8000.,12000.,349.99999999999966));
#3644=IFCDIRECTION((0.,0.,1.));
#3645=IFCDIRECTION((1.,0.,0.));
#3646=IFCAXIS2PLACEMENT3D(#3643,#3644,#3645);
#3647=IFCLOCALPLACEMENT(#91,#3646);
#3648=IFCOWNERHISTORY(#3,#4,.READWRITE.,.MODIFIED.,1788311653,#3,#4,1788311653);
#3649=IFCMEMBER('03Ta34CLLEMPmYegIEwTlZ',#3648,'Mullion_S_L4_-8000',$,$,#3659,#151,$);
#3655=IFCCARTESIANPOINT((-8000.,-12000.,349.99999999999966));
#3656=IFCDIRECTION((0.,0.,1.));
#3657=IFCDIRECTION((1.,0.,0.));
#3658=IFCAXIS2PLACEMENT3D(#3655,#3656,#3657);
#3659=IFCLOCALPLACEMENT(#91,#3658);
#3660=IFCOWNERHISTORY(#3,#4,.READWRITE.,.MODIFIED.,1788311653,#3,#4,1788311653);
#3661=IFCMEMBER('3HryRgJ1fFTRkwch1mauv7',#3660,'Mullion_N_L4_-6000',$,$,#3671,#151,$);
#3667=IFCCARTESIANPOINT((-6000.,12000.,349.99999999999966));
#3668=IFCDIRECTION((0.,0.,1.));
#3669=IFCDIRECTION((1.,0.,0.));
#3670=IFCAXIS2PLACEMENT3D(#3667,#3668,#3669);
#3671=IFCLOCALPLACEMENT(#91,#3670);
#3672=IFCOWNERHISTORY(#3,#4,.READWRITE.,.MODIFIED.,1788311653,#3,#4,1788311653);
#3673=IFCMEMBER('2V7VWEdUHBbgwep5h_q2sO',#3672,'Mullion_S_L4_-6000',$,$,#3683,#151,$);
#3679=IFCCARTESIANPOINT((-6000.,-12000.,349.99999999999966));
#3680=IFCDIRECTION((0.,0.,1.));
#3681=IFCDIRECTION((1.,0.,0.));
#3682=IFCAXIS2PLACEMENT3D(#3679,#3680,#3681);
#3683=IFCLOCALPLACEMENT(#91,#3682);
#3684=IFCOWNERHISTORY(#3,#4,.READWRITE.,.MODIFIED.,1788311653,#3,#4,1788311653);
#3685=IFCMEMBER('1KS483rt1CCPXlxZI_9Nm0',#3684,'Mullion_N_L4_-4000',$,$,#3695,#151,$);
#3691=IFCCARTESIANPOINT((-4000.,12000.,349.99999999999966));
#3692=IFCDIRECTION((0.,0.,1.));
#3693=IFCDIRECTION((1.,0.,0.));
#3694=IFCAXIS2PLACEMENT3D(#3691,#3692,#3693);
#3695=IFCLOCALPLACEMENT(#91,#3694);
#3696=IFCOWNERHISTORY(#3,#4,.READWRITE.,.MODIFIED.,1788311653,#3,#4,1788311653);
#3697=IFCMEMBER('1WbFKXTRv8zQxNAWXQxC6e',#3696,'Mullion_S_L4_-4000',$,$,#3707,#151,$);
#3703=IFCCARTESIANPOINT((-4000.,-12000.,349.99999999999966));
#3704=IFCDIRECTION((0.,0.,1.));
#3705=IFCDIRECTION((1.,0.,0.));
#3706=IFCAXIS2PLACEMENT3D(#3703,#3704,#3705);
#3707=IFCLOCALPLACEMENT(#91,#3706);
#3708=IFCOWNERHISTORY(#3,#4,.READWRITE.,.MODIFIED.,1788311653,#3,#4,1788311653);
#3709=IFCMEMBER('0yiSft3Lf9cvP8dFL$opCn',#3708,'Mullion_N_L4_-2000',$,$,#3719,#151,$);
#3715=IFCCARTESIANPOINT((-2000.,12000.,349.99999999999966));
#3716=IFCDIRECTION((0.,0.,1.));
#3717=IFCDIRECTION((1.,0.,0.));
#3718=IFCAXIS2PLACEMENT3D(#3715,#3716,#3717);
#3719=IFCLOCALPLACEMENT(#91,#3718);
#3720=IFCOWNERHISTORY(#3,#4,.READWRITE.,.MODIFIED.,1788311653,#3,#4,1788311653);
#3721=IFCMEMBER('1GLl2vkc5EbhT92E9YdkSl',#3720,'Mullion_S_L4_-2000',$,$,#3731,#151,$);
#3727=IFCCARTESIANPOINT((-2000.,-12000.,349.99999999999966));
#3728=IFCDIRECTION((0.,0.,1.));
#3729=IFCDIRECTION((1.,0.,0.));
#3730=IFCAXIS2PLACEMENT3D(#3727,#3728,#3729);
#3731=IFCLOCALPLACEMENT(#91,#3730);
#3732=IFCOWNERHISTORY(#3,#4,.READWRITE.,.MODIFIED.,1788311653,#3,#4,1788311653);
#3733=IFCMEMBER('3IRjfKMpj9pxXCuOFMn5oU',#3732,'Mullion_N_L4_0',$,$,#3743,#151,$);
#3739=IFCCARTESIANPOINT((0.,12000.,349.99999999999966));
#3740=IFCDIRECTION((0.,0.,1.));
#3741=IFCDIRECTION((1.,0.,0.));
#3742=IFCAXIS2PLACEMENT3D(#3739,#3740,#3741);
#3743=IFCLOCALPLACEMENT(#91,#3742);
#3744=IFCOWNERHISTORY(#3,#4,.READWRITE.,.MODIFIED.,1788311653,#3,#4,1788311653);
#3745=IFCMEMBER('3C0fj3w71BwBCd3tRLQcL3',#3744,'Mullion_S_L4_0',$,$,#3755,#151,$);
#3751=IFCCARTESIANPOINT((0.,-12000.,349.99999999999966));
#3752=IFCDIRECTION((0.,0.,1.));
#3753=IFCDIRECTION((1.,0.,0.));
#3754=IFCAXIS2PLACEMENT3D(#3751,#3752,#3753);
#3755=IFCLOCALPLACEMENT(#91,#3754);
#3756=IFCOWNERHISTORY(#3,#4,.READWRITE.,.MODIFIED.,1788311653,#3,#4,1788311653);
#3757=IFCMEMBER('00CcHS2obE58zu3rJiOD4r',#3756,'Mullion_N_L4_2000',$,$,#3767,#151,$);
#3763=IFCCARTESIANPOINT((2000.,12000.,349.99999999999966));
#3764=IFCDIRECTION((0.,0.,1.));
#3765=IFCDIRECTION((1.,0.,0.));
#3766=IFCAXIS2PLACEMENT3D(#3763,#3764,#3765);
#3767=IFCLOCALPLACEMENT(#91,#3766);
#3768=IFCOWNERHISTORY(#3,#4,.READWRITE.,.MODIFIED.,1788311653,#3,#4,1788311653);
#3769=IFCMEMBER('0CuA$GM8DBheH_SyGZJ$fn',#3768,'Mullion_S_L4_2000',$,$,#3779,#151,$);
#3775=IFCCARTESIANPOINT((2000.,-12000.,349.99999999999966));
#3776=IFCDIRECTION((0.,0.,1.));
#3777=IFCDIRECTION((1.,0.,0.));
#3778=IFCAXIS2PLACEMENT3D(#3775,#3776,#3777);
#3779=IFCLOCALPLACEMENT(#91,#3778);
#3780=IFCOWNERHISTORY(#3,#4,.READWRITE.,.MODIFIED.,1788311653,#3,#4,1788311653);
#3781=IFCMEMBER('29lon$ryH1RxIDoEk36nj9',#3780,'Mullion_N_L4_4000',$,$,#3791,#151,$);
#3787=IFCCARTESIANPOINT((4000.,12000.,349.99999999999966));
#3788=IFCDIRECTION((0.,0.,1.));
#3789=IFCDIRECTION((1.,0.,0.));
#3790=IFCAXIS2PLACEMENT3D(#3787,#3788,#3789);
#3791=IFCLOCALPLACEMENT(#91,#3790);
#3792=IFCOWNERHISTORY(#3,#4,.READWRITE.,.MODIFIED.,1788311653,#3,#4,1788311653);
#3793=IFCMEMBER('2pXSH0eaHDEeCOPlHljF5S',#3792,'Mullion_S_L4_4000',$,$,#3803,#151,$);
#3799=IFCCARTESIANPOINT((4000.,-12000.,349.99999999999966));
#3800=IFCDIRECTION((0.,0.,1.));
#3801=IFCDIRECTION((1.,0.,0.));
#3802=IFCAXIS2PLACEMENT3D(#3799,#3800,#3801);
#3803=IFCLOCALPLACEMENT(#91,#3802);
#3804=IFCOWNERHISTORY(#3,#4,.READWRITE.,.MODIFIED.,1788311653,#3,#4,1788311653);
#3805=IFCMEMBER('0NsVDaq8jEa9Vj0mJIaqYM',#3804,'Mullion_N_L4_6000',$,$,#3815,#151,$);
#3811=IFCCARTESIANPOINT((6000.,12000.,349.99999999999966));
#3812=IFCDIRECTION((0.,0.,1.));
#3813=IFCDIRECTION((1.,0.,0.));
#3814=IFCAXIS2PLACEMENT3D(#3811,#3812,#3813);
#3815=IFCLOCALPLACEMENT(#91,#3814);
#3816=IFCOWNERHISTORY(#3,#4,.READWRITE.,.MODIFIED.,1788311653,#3,#4,1788311653);
#3817=IFCMEMBER('31IHLX8dbBLP6rrFe44Ree',#3816,'Mullion_S_L4_6000',$,$,#3827,#151,$);
#3823=IFCCARTESIANPOINT((6000.,-12000.,349.99999999999966));
#3824=IFCDIRECTION((0.,0.,1.));
#3825=IFCDIRECTION((1.,0.,0.));
#3826=IFCAXIS2PLACEMENT3D(#3823,#3824,#3825);
#3827=IFCLOCALPLACEMENT(#91,#3826);
#3828=IFCOWNERHISTORY(#3,#4,.READWRITE.,.MODIFIED.,1788311653,#3,#4,1788311653);
#3829=IFCMEMBER('3V6oGM9nn3UxM2MFS31ysS',#3828,'Mullion_N_L4_8000',$,$,#3839,#151,$);
#3835=IFCCARTESIANPOINT((8000.,12000.,349.99999999999966));
#3836=IFCDIRECTION((0.,0.,1.));
#3837=IFCDIRECTION((1.,0.,0.));
#3838=IFCAXIS2PLACEMENT3D(#3835,#3836,#3837);
#3839=IFCLOCALPLACEMENT(#91,#3838);
#3840=IFCOWNERHISTORY(#3,#4,.READWRITE.,.MODIFIED.,1788311653,#3,#4,1788311653);
#3841=IFCMEMBER('2UB3Ot$$PAffO0493p8VLF',#3840,'Mullion_S_L4_8000',$,$,#3851,#151,$);
#3847=IFCCARTESIANPOINT((8000.,-12000.,349.99999999999966));
#3848=IFCDIRECTION((0.,0.,1.));
#3849=IFCDIRECTION((1.,0.,0.));
#3850=IFCAXIS2PLACEMENT3D(#3847,#3848,#3849);
#3851=IFCLOCALPLACEMENT(#91,#3850);
#3852=IFCOWNERHISTORY(#3,#4,.READWRITE.,.MODIFIED.,1788311653,#3,#4,1788311653);
#3853=IFCMEMBER('0xJlqixHjBx9$OEq3wyUtb',#3852,'Mullion_N_L4_10000',$,$,#3863,#151,$);
#3859=IFCCARTESIANPOINT((10000.,12000.,349.99999999999966));
#3860=IFCDIRECTION((0.,0.,1.));
#3861=IFCDIRECTION((1.,0.,0.));
#3862=IFCAXIS2PLACEMENT3D(#3859,#3860,#3861);
#3863=IFCLOCALPLACEMENT(#91,#3862);
#3864=IFCOWNERHISTORY(#3,#4,.READWRITE.,.MODIFIED.,1788311653,#3,#4,1788311653);
#3865=IFCMEMBER('2clO_JFcz0ueT_A6nYv3Wn',#3864,'Mullion_S_L4_10000',$,$,#3875,#151,$);
#3871=IFCCARTESIANPOINT((10000.,-12000.,349.99999999999966));
#3872=IFCDIRECTION((0.,0.,1.));
#3873=IFCDIRECTION((1.,0.,0.));
#3874=IFCAXIS2PLACEMENT3D(#3871,#3872,#3873);
#3875=IFCLOCALPLACEMENT(#91,#3874);
#3876=IFCOWNERHISTORY(#3,#4,.READWRITE.,.MODIFIED.,1788311653,#3,#4,1788311653);
#3877=IFCMEMBER('1GLoTAMsLA09SwD3MT1Pbi',#3876,'Mullion_N_L4_12000',$,$,#3887,#151,$);
#3883=IFCCARTESIANPOINT((12000.,12000.,349.99999999999966));
#3884=IFCDIRECTION((0.,0.,1.));
#3885=IFCDIRECTION((1.,0.,0.));
#3886=IFCAXIS2PLACEMENT3D(#3883,#3884,#3885);
#3887=IFCLOCALPLACEMENT(#91,#3886);
#3888=IFCOWNERHISTORY(#3,#4,.READWRITE.,.MODIFIED.,1788311653,#3,#4,1788311653);
#3889=IFCMEMBER('0pnPNQoC91DQAGB4XpFeTC',#3888,'Mullion_S_L4_12000',$,$,#3899,#151,$);
#3895=IFCCARTESIANPOINT((12000.,-12000.,349.99999999999966));
#3896=IFCDIRECTION((0.,0.,1.));
#3897=IFCDIRECTION((1.,0.,0.));
#3898=IFCAXIS2PLACEMENT3D(#3895,#3896,#3897);
#3899=IFCLOCALPLACEMENT(#91,#3898);
#3900=IFCOWNERHISTORY(#3,#4,.READWRITE.,.MODIFIED.,1788311653,#3,#4,1788311653);
#3901=IFCMEMBER('36KaOb9H9A88BqZjlmZzKl',#3900,'Mullion_N_L4_14000',$,$,#3911,#151,$);
#3907=IFCCARTESIANPOINT((14000.,12000.,349.99999999999966));
#3908=IFCDIRECTION((0.,0.,1.));
#3909=IFCDIRECTION((1.,0.,0.));
#3910=IFCAXIS2PLACEMENT3D(#3907,#3908,#3909);
#3911=IFCLOCALPLACEMENT(#91,#3910);
#3912=IFCOWNERHISTORY(#3,#4,.READWRITE.,.MODIFIED.,1788311653,#3,#4,1788311653);
#3913=IFCMEMBER('1qcDGuYTHEHPdcbFW33N4e',#3912,'Mullion_S_L4_14000',$,$,#3923,#151,$);
#3919=IFCCARTESIANPOINT((14000.,-12000.,349.99999999999966));
#3920=IFCDIRECTION((0.,0.,1.));
#3921=IFCDIRECTION((1.,0.,0.));
#3922=IFCAXIS2PLACEMENT3D(#3919,#3920,#3921);
#3923=IFCLOCALPLACEMENT(#91,#3922);
#3924=IFCOWNERHISTORY(#3,#4,.READWRITE.,.MODIFIED.,1788311653,#3,#4,1788311653);
#3925=IFCMEMBER('1tsRPd6wb7EANyZcHeicXC',#3924,'Mullion_N_L4_16000',$,$,#3935,#151,$);
#3931=IFCCARTESIANPOINT((16000.,12000.,349.99999999999966));
#3932=IFCDIRECTION((0.,0.,1.));
#3933=IFCDIRECTION((1.,0.,0.));
#3934=IFCAXIS2PLACEMENT3D(#3931,#3932,#3933);
#3935=IFCLOCALPLACEMENT(#91,#3934);
#3936=IFCOWNERHISTORY(#3,#4,.READWRITE.,.MODIFIED.,1788311653,#3,#4,1788311653);
#3937=IFCMEMBER('0H78t3k6T1WwitZyxsXMc4',#3936,'Mullion_S_L4_16000',$,$,#3947,#151,$);
#3943=IFCCARTESIANPOINT((16000.,-12000.,349.99999999999966));
#3944=IFCDIRECTION((0.,0.,1.));
#3945=IFCDIRECTION((1.,0.,0.));
#3946=IFCAXIS2PLACEMENT3D(#3943,#3944,#3945);
#3947=IFCLOCALPLACEMENT(#91,#3946);
#3948=IFCOWNERHISTORY(#3,#4,.READWRITE.,.MODIFIED.,1788311653,#3,#4,1788311653);
#3949=IFCSLAB('2IfumSG_DDweWvLpNMZ5bj',#3948,'RC_Slab_L5_350mm',$,$,#3961,#124,$,$);
#3955=IFCOWNERHISTORY(#3,#4,.READWRITE.,.MODIFIED.,1788311653,#3,#4,1788311653);
#3956=IFCRELCONTAINEDINSPATIALSTRUCTURE('2$8dvBKuD4sRqBl4WxIwyF',#3955,$,$,(#4107,#4479,#4371,#3975,#4347,#4131,#4503,#4023,#3999,#4239,#4611,#4395,#4659,#4635,#4263,#4155,#4527,#4419,#4287,#4179,#4551,#4311,#4203,#4443,#4047,#4575,#4095,#4071,#4359,#3963,#4227,#4335,#4119,#4467,#4383,#3987,#4491,#4599,#4515,#4011,#4455,#4647,#4251,#4623,#4143,#4407,#4671,#4275,#4167,#4539,#4035,#4323,#4299,#3949,#4191,#4563,#4215,#4431,#4083,#4059,#4587),#93);
#3957=IFCCARTESIANPOINT((0.,0.,0.));
#3958=IFCDIRECTION((0.,0.,1.));
#3959=IFCDIRECTION((1.,0.,0.));
#3960=IFCAXIS2PLACEMENT3D(#3957,#3958,#3959);
#3961=IFCLOCALPLACEMENT(#103,#3960);
#3962=IFCOWNERHISTORY(#3,#4,.READWRITE.,.MODIFIED.,1788311653,#3,#4,1788311653);
#3963=IFCWALL('2j6ohx5D97Qxlbhorj0Vgf',#3962,'Core_North_L5',$,$,#3973,#142,$);
#3969=IFCCARTESIANPOINT((0.,3000.,350.00000000000142));
#3970=IFCDIRECTION((0.,0.,1.));
#3971=IFCDIRECTION((1.,0.,0.));
#3972=IFCAXIS2PLACEMENT3D(#3969,#3970,#3971);
#3973=IFCLOCALPLACEMENT(#103,#3972);
#3974=IFCOWNERHISTORY(#3,#4,.READWRITE.,.MODIFIED.,1788311653,#3,#4,1788311653);
#3975=IFCWALL('2XrGpUIgX3Ou2$gUDXrN79',#3974,'Core_South_L5',$,$,#3985,#142,$);
#3981=IFCCARTESIANPOINT((0.,-3000.,350.00000000000142));
#3982=IFCDIRECTION((0.,0.,1.));
#3983=IFCDIRECTION((1.,0.,0.));
#3984=IFCAXIS2PLACEMENT3D(#3981,#3982,#3983);
#3985=IFCLOCALPLACEMENT(#103,#3984);
#3986=IFCOWNERHISTORY(#3,#4,.READWRITE.,.MODIFIED.,1788311653,#3,#4,1788311653);
#3987=IFCCOLUMN('37aEzjesT9ieFpGcqWiINk',#3986,'RC_Col_L5_-15000.0_-10000.0',$,$,#3997,#133,$);
#3993=IFCCARTESIANPOINT((-15000.,-10000.,350.00000000000142));
#3994=IFCDIRECTION((0.,0.,1.));
#3995=IFCDIRECTION((1.,0.,0.));
#3996=IFCAXIS2PLACEMENT3D(#3993,#3994,#3995);
#3997=IFCLOCALPLACEMENT(#103,#3996);
#3998=IFCOWNERHISTORY(#3,#4,.READWRITE.,.MODIFIED.,1788311653,#3,#4,1788311653);
#3999=IFCCOLUMN('32NRNYvZr5m9cEo0H2wrGN',#3998,'RC_Col_L5_-15000.0_-3500.0',$,$,#4009,#133,$);
#4005=IFCCARTESIANPOINT((-15000.,-3500.,350.00000000000142));
#4006=IFCDIRECTION((0.,0.,1.));
#4007=IFCDIRECTION((1.,0.,0.));
#4008=IFCAXIS2PLACEMENT3D(#4005,#4006,#4007);
#4009=IFCLOCALPLACEMENT(#103,#4008);
#4010=IFCOWNERHISTORY(#3,#4,.READWRITE.,.MODIFIED.,1788311653,#3,#4,1788311653);
#4011=IFCCOLUMN('3CEL__EYL3u8Lwn8k21BkN',#4010,'RC_Col_L5_-15000.0_3500.0',$,$,#4021,#133,$);
#4017=IFCCARTESIANPOINT((-15000.,3500.,350.00000000000142));
#4018=IFCDIRECTION((0.,0.,1.));
#4019=IFCDIRECTION((1.,0.,0.));
#4020=IFCAXIS2PLACEMENT3D(#4017,#4018,#4019);
#4021=IFCLOCALPLACEMENT(#103,#4020);
#4022=IFCOWNERHISTORY(#3,#4,.READWRITE.,.MODIFIED.,1788311653,#3,#4,1788311653);
#4023=IFCCOLUMN('3Bb9uQD1D649dHG95uU2KA',#4022,'RC_Col_L5_-15000.0_10000.0',$,$,#4033,#133,$);
#4029=IFCCARTESIANPOINT((-15000.,10000.,350.00000000000142));
#4030=IFCDIRECTION((0.,0.,1.));
#4031=IFCDIRECTION((1.,0.,0.));
#4032=IFCAXIS2PLACEMENT3D(#4029,#4030,#4031);
#4033=IFCLOCALPLACEMENT(#103,#4032);
#4034=IFCOWNERHISTORY(#3,#4,.READWRITE.,.MODIFIED.,1788311653,#3,#4,1788311653);
#4035=IFCCOLUMN('3xGrV9sLf1sfn8fNLkBmnd',#4034,'RC_Col_L5_-9000.0_-10000.0',$,$,#4045,#133,$);
#4041=IFCCARTESIANPOINT((-9000.,-10000.,350.00000000000142));
#4042=IFCDIRECTION((0.,0.,1.));
#4043=IFCDIRECTION((1.,0.,0.));
#4044=IFCAXIS2PLACEMENT3D(#4041,#4042,#4043);
#4045=IFCLOCALPLACEMENT(#103,#4044);
#4046=IFCOWNERHISTORY(#3,#4,.READWRITE.,.MODIFIED.,1788311653,#3,#4,1788311653);
#4047=IFCCOLUMN('29QQVNh11EsOZ7LDpCVQa$',#4046,'RC_Col_L5_-9000.0_-3500.0',$,$,#4057,#133,$);
#4053=IFCCARTESIANPOINT((-9000.,-3500.,350.00000000000142));
#4054=IFCDIRECTION((0.,0.,1.));
#4055=IFCDIRECTION((1.,0.,0.));
#4056=IFCAXIS2PLACEMENT3D(#4053,#4054,#4055);
#4057=IFCLOCALPLACEMENT(#103,#4056);
#4058=IFCOWNERHISTORY(#3,#4,.READWRITE.,.MODIFIED.,1788311653,#3,#4,1788311653);
#4059=IFCCOLUMN('2FX_SaZqb3TR6auhTbuc7t',#4058,'RC_Col_L5_-9000.0_3500.0',$,$,#4069,#133,$);
#4065=IFCCARTESIANPOINT((-9000.,3500.,350.00000000000142));
#4066=IFCDIRECTION((0.,0.,1.));
#4067=IFCDIRECTION((1.,0.,0.));
#4068=IFCAXIS2PLACEMENT3D(#4065,#4066,#4067);
#4069=IFCLOCALPLACEMENT(#103,#4068);
#4070=IFCOWNERHISTORY(#3,#4,.READWRITE.,.MODIFIED.,1788311653,#3,#4,1788311653);
#4071=IFCCOLUMN('3gWcR_hqbEZABOayndCYO9',#4070,'RC_Col_L5_-9000.0_10000.0',$,$,#4081,#133,$);
#4077=IFCCARTESIANPOINT((-9000.,10000.,350.00000000000142));
#4078=IFCDIRECTION((0.,0.,1.));
#4079=IFCDIRECTION((1.,0.,0.));
#4080=IFCAXIS2PLACEMENT3D(#4077,#4078,#4079);
#4081=IFCLOCALPLACEMENT(#103,#4080);
#4082=IFCOWNERHISTORY(#3,#4,.READWRITE.,.MODIFIED.,1788311653,#3,#4,1788311653);
#4083=IFCCOLUMN('0y9$CHIB104Q30Jc8JvRRX',#4082,'RC_Col_L5_-3000.0_-10000.0',$,$,#4093,#133,$);
#4089=IFCCARTESIANPOINT((-3000.,-10000.,350.00000000000142));
#4090=IFCDIRECTION((0.,0.,1.));
#4091=IFCDIRECTION((1.,0.,0.));
#4092=IFCAXIS2PLACEMENT3D(#4089,#4090,#4091);
#4093=IFCLOCALPLACEMENT(#103,#4092);
#4094=IFCOWNERHISTORY(#3,#4,.READWRITE.,.MODIFIED.,1788311653,#3,#4,1788311653);
#4095=IFCCOLUMN('2ua9kxpNvBMwxWbyZ243ev',#4094,'RC_Col_L5_-3000.0_-3500.0',$,$,#4105,#133,$);
#4101=IFCCARTESIANPOINT((-3000.,-3500.,350.00000000000142));
#4102=IFCDIRECTION((0.,0.,1.));
#4103=IFCDIRECTION((1.,0.,0.));
#4104=IFCAXIS2PLACEMENT3D(#4101,#4102,#4103);
#4105=IFCLOCALPLACEMENT(#103,#4104);
#4106=IFCOWNERHISTORY(#3,#4,.READWRITE.,.MODIFIED.,1788311653,#3,#4,1788311653);
#4107=IFCCOLUMN('2eiY4lo25FFQOg37jmekd6',#4106,'RC_Col_L5_-3000.0_3500.0',$,$,#4117,#133,$);
#4113=IFCCARTESIANPOINT((-3000.,3500.,350.00000000000142));
#4114=IFCDIRECTION((0.,0.,1.));
#4115=IFCDIRECTION((1.,0.,0.));
#4116=IFCAXIS2PLACEMENT3D(#4113,#4114,#4115);
#4117=IFCLOCALPLACEMENT(#103,#4116);
#4118=IFCOWNERHISTORY(#3,#4,.READWRITE.,.MODIFIED.,1788311653,#3,#4,1788311653);
#4119=IFCCOLUMN('17L7qUJTj4vPNVNqagqrNa',#4118,'RC_Col_L5_-3000.0_10000.0',$,$,#4129,#133,$);
#4125=IFCCARTESIANPOINT((-3000.,10000.,350.00000000000142));
#4126=IFCDIRECTION((0.,0.,1.));
#4127=IFCDIRECTION((1.,0.,0.));
#4128=IFCAXIS2PLACEMENT3D(#4125,#4126,#4127);
#4129=IFCLOCALPLACEMENT(#103,#4128);
#4130=IFCOWNERHISTORY(#3,#4,.READWRITE.,.MODIFIED.,1788311653,#3,#4,1788311653);
#4131=IFCCOLUMN('2LP9w63Cn3qh5cxjqk$mV1',#4130,'RC_Col_L5_3000.0_-10000.0',$,$,#4141,#133,$);
#4137=IFCCARTESIANPOINT((3000.,-10000.,350.00000000000142));
#4138=IFCDIRECTION((0.,0.,1.));
#4139=IFCDIRECTION((1.,0.,0.));
#4140=IFCAXIS2PLACEMENT3D(#4137,#4138,#4139);
#4141=IFCLOCALPLACEMENT(#103,#4140);
#4142=IFCOWNERHISTORY(#3,#4,.READWRITE.,.MODIFIED.,1788311653,#3,#4,1788311653);
#4143=IFCCOLUMN('3N3YBA6Zn4PRizY1PzVESj',#4142,'RC_Col_L5_3000.0_-3500.0',$,$,#4153,#133,$);
#4149=IFCCARTESIANPOINT((3000.,-3500.,350.00000000000142));
#4150=IFCDIRECTION((0.,0.,1.));
#4151=IFCDIRECTION((1.,0.,0.));
#4152=IFCAXIS2PLACEMENT3D(#4149,#4150,#4151);
#4153=IFCLOCALPLACEMENT(#103,#4152);
#4154=IFCOWNERHISTORY(#3,#4,.READWRITE.,.MODIFIED.,1788311653,#3,#4,1788311653);
#4155=IFCCOLUMN('15FfMUTe90ZQupDCp0r1A6',#4154,'RC_Col_L5_3000.0_3500.0',$,$,#4165,#133,$);
#4161=IFCCARTESIANPOINT((3000.,3500.,350.00000000000142));
#4162=IFCDIRECTION((0.,0.,1.));
#4163=IFCDIRECTION((1.,0.,0.));
#4164=IFCAXIS2PLACEMENT3D(#4161,#4162,#4163);
#4165=IFCLOCALPLACEMENT(#103,#4164);
#4166=IFCOWNERHISTORY(#3,#4,.READWRITE.,.MODIFIED.,1788311653,#3,#4,1788311653);
#4167=IFCCOLUMN('0jV3sw6Pz4sgVGwCGxsDfG',#4166,'RC_Col_L5_3000.0_10000.0',$,$,#4177,#133,$);
#4173=IFCCARTESIANPOINT((3000.,10000.,350.00000000000142));
#4174=IFCDIRECTION((0.,0.,1.));
#4175=IFCDIRECTION((1.,0.,0.));
#4176=IFCAXIS2PLACEMENT3D(#4173,#4174,#4175);
#4177=IFCLOCALPLACEMENT(#103,#4176);
#4178=IFCOWNERHISTORY(#3,#4,.READWRITE.,.MODIFIED.,1788311653,#3,#4,1788311653);
#4179=IFCCOLUMN('3D_ilO7BXCWBLHd39$TyL0',#4178,'RC_Col_L5_9000.0_-10000.0',$,$,#4189,#133,$);
#4185=IFCCARTESIANPOINT((9000.,-10000.,350.00000000000142));
#4186=IFCDIRECTION((0.,0.,1.));
#4187=IFCDIRECTION((1.,0.,0.));
#4188=IFCAXIS2PLACEMENT3D(#4185,#4186,#4187);
#4189=IFCLOCALPLACEMENT(#103,#4188);
#4190=IFCOWNERHISTORY(#3,#4,.READWRITE.,.MODIFIED.,1788311653,#3,#4,1788311653);
#4191=IFCCOLUMN('2kmtnoG097E948AvdmINXp',#4190,'RC_Col_L5_9000.0_-3500.0',$,$,#4201,#133,$);
#4197=IFCCARTESIANPOINT((9000.,-3500.,350.00000000000142));
#4198=IFCDIRECTION((0.,0.,1.));
#4199=IFCDIRECTION((1.,0.,0.));
#4200=IFCAXIS2PLACEMENT3D(#4197,#4198,#4199);
#4201=IFCLOCALPLACEMENT(#103,#4200);
#4202=IFCOWNERHISTORY(#3,#4,.READWRITE.,.MODIFIED.,1788311653,#3,#4,1788311653);
#4203=IFCCOLUMN('1UNrvfRZrCPx6O_lKjsYmL',#4202,'RC_Col_L5_9000.0_3500.0',$,$,#4213,#133,$);
#4209=IFCCARTESIANPOINT((9000.,3500.,350.00000000000142));
#4210=IFCDIRECTION((0.,0.,1.));
#4211=IFCDIRECTION((1.,0.,0.));
#4212=IFCAXIS2PLACEMENT3D(#4209,#4210,#4211);
#4213=IFCLOCALPLACEMENT(#103,#4212);
#4214=IFCOWNERHISTORY(#3,#4,.READWRITE.,.MODIFIED.,1788311653,#3,#4,1788311653);
#4215=IFCCOLUMN('0XafXgb_DAPug1dk4toOyv',#4214,'RC_Col_L5_9000.0_10000.0',$,$,#4225,#133,$);
#4221=IFCCARTESIANPOINT((9000.,10000.,350.00000000000142));
#4222=IFCDIRECTION((0.,0.,1.));
#4223=IFCDIRECTION((1.,0.,0.));
#4224=IFCAXIS2PLACEMENT3D(#4221,#4222,#4223);
#4225=IFCLOCALPLACEMENT(#103,#4224);
#4226=IFCOWNERHISTORY(#3,#4,.READWRITE.,.MODIFIED.,1788311653,#3,#4,1788311653);
#4227=IFCCOLUMN('27L6m0DFv65BUUDqPULqSC',#4226,'RC_Col_L5_15000.0_-10000.0',$,$,#4237,#133,$);
#4233=IFCCARTESIANPOINT((15000.,-10000.,350.00000000000142));
#4234=IFCDIRECTION((0.,0.,1.));
#4235=IFCDIRECTION((1.,0.,0.));
#4236=IFCAXIS2PLACEMENT3D(#4233,#4234,#4235);
#4237=IFCLOCALPLACEMENT(#103,#4236);
#4238=IFCOWNERHISTORY(#3,#4,.READWRITE.,.MODIFIED.,1788311653,#3,#4,1788311653);
#4239=IFCCOLUMN('3wSyMpG4TAg9VPb_kb4gc4',#4238,'RC_Col_L5_15000.0_-3500.0',$,$,#4249,#133,$);
#4245=IFCCARTESIANPOINT((15000.,-3500.,350.00000000000142));
#4246=IFCDIRECTION((0.,0.,1.));
#4247=IFCDIRECTION((1.,0.,0.));
#4248=IFCAXIS2PLACEMENT3D(#4245,#4246,#4247);
#4249=IFCLOCALPLACEMENT(#103,#4248);
#4250=IFCOWNERHISTORY(#3,#4,.READWRITE.,.MODIFIED.,1788311653,#3,#4,1788311653);
#4251=IFCCOLUMN('3BnDmH1KfCv82hggboSP_j',#4250,'RC_Col_L5_15000.0_3500.0',$,$,#4261,#133,$);
#4257=IFCCARTESIANPOINT((15000.,3500.,350.00000000000142));
#4258=IFCDIRECTION((0.,0.,1.));
#4259=IFCDIRECTION((1.,0.,0.));
#4260=IFCAXIS2PLACEMENT3D(#4257,#4258,#4259);
#4261=IFCLOCALPLACEMENT(#103,#4260);
#4262=IFCOWNERHISTORY(#3,#4,.READWRITE.,.MODIFIED.,1788311653,#3,#4,1788311653);
#4263=IFCCOLUMN('3FEz4zdUf9QR8jxdaeWSq6',#4262,'RC_Col_L5_15000.0_10000.0',$,$,#4273,#133,$);
#4269=IFCCARTESIANPOINT((15000.,10000.,350.00000000000142));
#4270=IFCDIRECTION((0.,0.,1.));
#4271=IFCDIRECTION((1.,0.,0.));
#4272=IFCAXIS2PLACEMENT3D(#4269,#4270,#4271);
#4273=IFCLOCALPLACEMENT(#103,#4272);
#4274=IFCOWNERHISTORY(#3,#4,.READWRITE.,.MODIFIED.,1788311653,#3,#4,1788311653);
#4275=IFCMEMBER('1FHmnI5xjE$e6$0rRq0sjZ',#4274,'Mullion_N_L5_-16000',$,$,#4285,#151,$);
#4281=IFCCARTESIANPOINT((-16000.,12000.,350.00000000000142));
#4282=IFCDIRECTION((0.,0.,1.));
#4283=IFCDIRECTION((1.,0.,0.));
#4284=IFCAXIS2PLACEMENT3D(#4281,#4282,#4283);
#4285=IFCLOCALPLACEMENT(#103,#4284);
#4286=IFCOWNERHISTORY(#3,#4,.READWRITE.,.MODIFIED.,1788311653,#3,#4,1788311653);
#4287=IFCMEMBER('2MCLb3NbnEpuDO72vWYNZ5',#4286,'Mullion_S_L5_-16000',$,$,#4297,#151,$);
#4293=IFCCARTESIANPOINT((-16000.,-12000.,350.00000000000142));
#4294=IFCDIRECTION((0.,0.,1.));
#4295=IFCDIRECTION((1.,0.,0.));
#4296=IFCAXIS2PLACEMENT3D(#4293,#4294,#4295);
#4297=IFCLOCALPLACEMENT(#103,#4296);
#4298=IFCOWNERHISTORY(#3,#4,.READWRITE.,.MODIFIED.,1788311653,#3,#4,1788311653);
#4299=IFCMEMBER('1IipeYEY15PvvGh7_mT6jO',#4298,'Mullion_N_L5_-14000',$,$,#4309,#151,$);
#4305=IFCCARTESIANPOINT((-14000.,12000.,350.00000000000142));
#4306=IFCDIRECTION((0.,0.,1.));
#4307=IFCDIRECTION((1.,0.,0.));
#4308=IFCAXIS2PLACEMENT3D(#4305,#4306,#4307);
#4309=IFCLOCALPLACEMENT(#103,#4308);
#4310=IFCOWNERHISTORY(#3,#4,.READWRITE.,.MODIFIED.,1788311653,#3,#4,1788311653);
#4311=IFCMEMBER('2sGg8KTA9BRRJUpWPLR_vn',#4310,'Mullion_S_L5_-14000',$,$,#4321,#151,$);
#4317=IFCCARTESIANPOINT((-14000.,-12000.,350.00000000000142));
#4318=IFCDIRECTION((0.,0.,1.));
#4319=IFCDIRECTION((1.,0.,0.));
#4320=IFCAXIS2PLACEMENT3D(#4317,#4318,#4319);
#4321=IFCLOCALPLACEMENT(#103,#4320);
#4322=IFCOWNERHISTORY(#3,#4,.READWRITE.,.MODIFIED.,1788311653,#3,#4,1788311653);
#4323=IFCMEMBER('3FGssHs7LClhw13TqtDurW',#4322,'Mullion_N_L5_-12000',$,$,#4333,#151,$);
#4329=IFCCARTESIANPOINT((-12000.,12000.,350.00000000000142));
#4330=IFCDIRECTION((0.,0.,1.));
#4331=IFCDIRECTION((1.,0.,0.));
#4332=IFCAXIS2PLACEMENT3D(#4329,#4330,#4331);
#4333=IFCLOCALPLACEMENT(#103,#4332);
#4334=IFCOWNERHISTORY(#3,#4,.READWRITE.,.MODIFIED.,1788311653,#3,#4,1788311653);
#4335=IFCMEMBER('1OiYk7SfT6MusWcjjmeSXr',#4334,'Mullion_S_L5_-12000',$,$,#4345,#151,$);
#4341=IFCCARTESIANPOINT((-12000.,-12000.,350.00000000000142));
#4342=IFCDIRECTION((0.,0.,1.));
#4343=IFCDIRECTION((1.,0.,0.));
#4344=IFCAXIS2PLACEMENT3D(#4341,#4342,#4343);
#4345=IFCLOCALPLACEMENT(#103,#4344);
#4346=IFCOWNERHISTORY(#3,#4,.READWRITE.,.MODIFIED.,1788311653,#3,#4,1788311653);
#4347=IFCMEMBER('38woNBFrH1DgsTYeiCg5U4',#4346,'Mullion_N_L5_-10000',$,$,#4357,#151,$);
#4353=IFCCARTESIANPOINT((-10000.,12000.,350.00000000000142));
#4354=IFCDIRECTION((0.,0.,1.));
#4355=IFCDIRECTION((1.,0.,0.));
#4356=IFCAXIS2PLACEMENT3D(#4353,#4354,#4355);
#4357=IFCLOCALPLACEMENT(#103,#4356);
#4358=IFCOWNERHISTORY(#3,#4,.READWRITE.,.MODIFIED.,1788311653,#3,#4,1788311653);
#4359=IFCMEMBER('2qLSjnJUnD4x0Lya3Ay4oT',#4358,'Mullion_S_L5_-10000',$,$,#4369,#151,$);
#4365=IFCCARTESIANPOINT((-10000.,-12000.,350.00000000000142));
#4366=IFCDIRECTION((0.,0.,1.));
#4367=IFCDIRECTION((1.,0.,0.));
#4368=IFCAXIS2PLACEMENT3D(#4365,#4366,#4367);
#4369=IFCLOCALPLACEMENT(#103,#4368);
#4370=IFCOWNERHISTORY(#3,#4,.READWRITE.,.MODIFIED.,1788311653,#3,#4,1788311653);
#4371=IFCMEMBER('3lD5$bs1zFYuEw3eUiXwXD',#4370,'Mullion_N_L5_-8000',$,$,#4381,#151,$);
#4377=IFCCARTESIANPOINT((-8000.,12000.,350.00000000000142));
#4378=IFCDIRECTION((0.,0.,1.));
#4379=IFCDIRECTION((1.,0.,0.));
#4380=IFCAXIS2PLACEMENT3D(#4377,#4378,#4379);
#4381=IFCLOCALPLACEMENT(#103,#4380);
#4382=IFCOWNERHISTORY(#3,#4,.READWRITE.,.MODIFIED.,1788311653,#3,#4,1788311653);
#4383=IFCMEMBER('1gi44h_lH1QRTlR4CYdgBN',#4382,'Mullion_S_L5_-8000',$,$,#4393,#151,$);
#4389=IFCCARTESIANPOINT((-8000.,-12000.,350.00000000000142));
#4390=IFCDIRECTION((0.,0.,1.));
#4391=IFCDIRECTION((1.,0.,0.));
#4392=IFCAXIS2PLACEMENT3D(#4389,#4390,#4391);
#4393=IFCLOCALPLACEMENT(#103,#4392);
#4394=IFCOWNERHISTORY(#3,#4,.READWRITE.,.MODIFIED.,1788311653,#3,#4,1788311653);
#4395=IFCMEMBER('0ntGi$gXr0PQy_P1cQFXDP',#4394,'Mullion_N_L5_-6000',$,$,#4405,#151,$);
#4401=IFCCARTESIANPOINT((-6000.,12000.,350.00000000000142));
#4402=IFCDIRECTION((0.,0.,1.));
#4403=IFCDIRECTION((1.,0.,0.));
#4404=IFCAXIS2PLACEMENT3D(#4401,#4402,#4403);
#4405=IFCLOCALPLACEMENT(#103,#4404);
#4406=IFCOWNERHISTORY(#3,#4,.READWRITE.,.MODIFIED.,1788311653,#3,#4,1788311653);
#4407=IFCMEMBER('02wKalTa9ESuSULlYoF$0i',#4406,'Mullion_S_L5_-6000',$,$,#4417,#151,$);
#4413=IFCCARTESIANPOINT((-6000.,-12000.,350.00000000000142));
#4414=IFCDIRECTION((0.,0.,1.));
#4415=IFCDIRECTION((1.,0.,0.));
#4416=IFCAXIS2PLACEMENT3D(#4413,#4414,#4415);
#4417=IFCLOCALPLACEMENT(#103,#4416);
#4418=IFCOWNERHISTORY(#3,#4,.READWRITE.,.MODIFIED.,1788311653,#3,#4,1788311653);
#4419=IFCMEMBER('0HjOeBUXbAGwtaaZtyQ_OO',#4418,'Mullion_N_L5_-4000',$,$,#4429,#151,$);
#4425=IFCCARTESIANPOINT((-4000.,12000.,350.00000000000142));
#4426=IFCDIRECTION((0.,0.,1.));
#4427=IFCDIRECTION((1.,0.,0.));
#4428=IFCAXIS2PLACEMENT3D(#4425,#4426,#4427);
#4429=IFCLOCALPLACEMENT(#103,#4428);
#4430=IFCOWNERHISTORY(#3,#4,.READWRITE.,.MODIFIED.,1788311653,#3,#4,1788311653);
#4431=IFCMEMBER('3_QuHPyHL4e8aeQIOOdD2q',#4430,'Mullion_S_L5_-4000',$,$,#4441,#151,$);
#4437=IFCCARTESIANPOINT((-4000.,-12000.,350.00000000000142));
#4438=IFCDIRECTION((0.,0.,1.));
#4439=IFCDIRECTION((1.,0.,0.));
#4440=IFCAXIS2PLACEMENT3D(#4437,#4438,#4439);
#4441=IFCLOCALPLACEMENT(#103,#4440);
#4442=IFCOWNERHISTORY(#3,#4,.READWRITE.,.MODIFIED.,1788311653,#3,#4,1788311653);
#4443=IFCMEMBER('1fGQMx089CPuQZPu4kzV0N',#4442,'Mullion_N_L5_-2000',$,$,#4453,#151,$);
#4449=IFCCARTESIANPOINT((-2000.,12000.,350.00000000000142));
#4450=IFCDIRECTION((0.,0.,1.));
#4451=IFCDIRECTION((1.,0.,0.));
#4452=IFCAXIS2PLACEMENT3D(#4449,#4450,#4451);
#4453=IFCLOCALPLACEMENT(#103,#4452);
#4454=IFCOWNERHISTORY(#3,#4,.READWRITE.,.MODIFIED.,1788311653,#3,#4,1788311653);
#4455=IFCMEMBER('1soxvWLQbC9QG7ukYUVtpQ',#4454,'Mullion_S_L5_-2000',$,$,#4465,#151,$);
#4461=IFCCARTESIANPOINT((-2000.,-12000.,350.00000000000142));
#4462=IFCDIRECTION((0.,0.,1.));
#4463=IFCDIRECTION((1.,0.,0.));
#4464=IFCAXIS2PLACEMENT3D(#4461,#4462,#4463);
#4465=IFCLOCALPLACEMENT(#103,#4464);
#4466=IFCOWNERHISTORY(#3,#4,.READWRITE.,.MODIFIED.,1788311653,#3,#4,1788311653);
#4467=IFCMEMBER('22cSJdJ9z6mQVlxMVXCDfi',#4466,'Mullion_N_L5_0',$,$,#4477,#151,$);
#4473=IFCCARTESIANPOINT((0.,12000.,350.00000000000142));
#4474=IFCDIRECTION((0.,0.,1.));
#4475=IFCDIRECTION((1.,0.,0.));
#4476=IFCAXIS2PLACEMENT3D(#4473,#4474,#4475);
#4477=IFCLOCALPLACEMENT(#103,#4476);
#4478=IFCOWNERHISTORY(#3,#4,.READWRITE.,.MODIFIED.,1788311653,#3,#4,1788311653);
#4479=IFCMEMBER('2$wr0hgt59Xff6uBJwMkBt',#4478,'Mullion_S_L5_0',$,$,#4489,#151,$);
#4485=IFCCARTESIANPOINT((0.,-12000.,350.00000000000142));
#4486=IFCDIRECTION((0.,0.,1.));
#4487=IFCDIRECTION((1.,0.,0.));
#4488=IFCAXIS2PLACEMENT3D(#4485,#4486,#4487);
#4489=IFCLOCALPLACEMENT(#103,#4488);
#4490=IFCOWNERHISTORY(#3,#4,.READWRITE.,.MODIFIED.,1788311653,#3,#4,1788311653);
#4491=IFCMEMBER('1xR_YrPF14HAHohPpUx8W2',#4490,'Mullion_N_L5_2000',$,$,#4501,#151,$);
#4497=IFCCARTESIANPOINT((2000.,12000.,350.00000000000142));
#4498=IFCDIRECTION((0.,0.,1.));
#4499=IFCDIRECTION((1.,0.,0.));
#4500=IFCAXIS2PLACEMENT3D(#4497,#4498,#4499);
#4501=IFCLOCALPLACEMENT(#103,#4500);
#4502=IFCOWNERHISTORY(#3,#4,.READWRITE.,.MODIFIED.,1788311653,#3,#4,1788311653);
#4503=IFCMEMBER('3oRcjQR2z1f9yDSlFLEBOB',#4502,'Mullion_S_L5_2000',$,$,#4513,#151,$);
#4509=IFCCARTESIANPOINT((2000.,-12000.,350.00000000000142));
#4510=IFCDIRECTION((0.,0.,1.));
#4511=IFCDIRECTION((1.,0.,0.));
#4512=IFCAXIS2PLACEMENT3D(#4509,#4510,#4511);
#4513=IFCLOCALPLACEMENT(#103,#4512);
#4514=IFCOWNERHISTORY(#3,#4,.READWRITE.,.MODIFIED.,1788311653,#3,#4,1788311653);
#4515=IFCMEMBER('2YuBNrxpD3PAZrjfGPJLjW',#4514,'Mullion_N_L5_4000',$,$,#4525,#151,$);
#4521=IFCCARTESIANPOINT((4000.,12000.,350.00000000000142));
#4522=IFCDIRECTION((0.,0.,1.));
#4523=IFCDIRECTION((1.,0.,0.));
#4524=IFCAXIS2PLACEMENT3D(#4521,#4522,#4523);
#4525=IFCLOCALPLACEMENT(#103,#4524);
#4526=IFCOWNERHISTORY(#3,#4,.READWRITE.,.MODIFIED.,1788311653,#3,#4,1788311653);
#4527=IFCMEMBER('1C5nkKehvBkRrQT9dwsJ82',#4526,'Mullion_S_L5_4000',$,$,#4537,#151,$);
#4533=IFCCARTESIANPOINT((4000.,-12000.,350.00000000000142));
#4534=IFCDIRECTION((0.,0.,1.));
#4535=IFCDIRECTION((1.,0.,0.));
#4536=IFCAXIS2PLACEMENT3D(#4533,#4534,#4535);
#4537=IFCLOCALPLACEMENT(#103,#4536);
#4538=IFCOWNERHISTORY(#3,#4,.READWRITE.,.MODIFIED.,1788311653,#3,#4,1788311653);
#4539=IFCMEMBER('3zIwz9_6f3K9zSy3f6sLir',#4538,'Mullion_N_L5_6000',$,$,#4549,#151,$);
#4545=IFCCARTESIANPOINT((6000.,12000.,350.00000000000142));
#4546=IFCDIRECTION((0.,0.,1.));
#4547=IFCDIRECTION((1.,0.,0.));
#4548=IFCAXIS2PLACEMENT3D(#4545,#4546,#4547);
#4549=IFCLOCALPLACEMENT(#103,#4548);
#4550=IFCOWNERHISTORY(#3,#4,.READWRITE.,.MODIFIED.,1788311653,#3,#4,1788311653);
#4551=IFCMEMBER('2pcE_NyKL278APBrL9_6pY',#4550,'Mullion_S_L5_6000',$,$,#4561,#151,$);
#4557=IFCCARTESIANPOINT((6000.,-12000.,350.00000000000142));
#4558=IFCDIRECTION((0.,0.,1.));
#4559=IFCDIRECTION((1.,0.,0.));
#4560=IFCAXIS2PLACEMENT3D(#4557,#4558,#4559);
#4561=IFCLOCALPLACEMENT(#103,#4560);
#4562=IFCOWNERHISTORY(#3,#4,.READWRITE.,.MODIFIED.,1788311653,#3,#4,1788311653);
#4563=IFCMEMBER('2ZPg67tbbD5vOh5XzsJ1sx',#4562,'Mullion_N_L5_8000',$,$,#4573,#151,$);
#4569=IFCCARTESIANPOINT((8000.,12000.,350.00000000000142));
#4570=IFCDIRECTION((0.,0.,1.));
#4571=IFCDIRECTION((1.,0.,0.));
#4572=IFCAXIS2PLACEMENT3D(#4569,#4570,#4571);
#4573=IFCLOCALPLACEMENT(#103,#4572);
#4574=IFCOWNERHISTORY(#3,#4,.READWRITE.,.MODIFIED.,1788311653,#3,#4,1788311653);
#4575=IFCMEMBER('30CajSLmjAhfJoZlXI$Af1',#4574,'Mullion_S_L5_8000',$,$,#4585,#151,$);
#4581=IFCCARTESIANPOINT((8000.,-12000.,350.00000000000142));
#4582=IFCDIRECTION((0.,0.,1.));
#4583=IFCDIRECTION((1.,0.,0.));
#4584=IFCAXIS2PLACEMENT3D(#4581,#4582,#4583);
#4585=IFCLOCALPLACEMENT(#103,#4584);
#4586=IFCOWNERHISTORY(#3,#4,.READWRITE.,.MODIFIED.,1788311653,#3,#4,1788311653);
#4587=IFCMEMBER('2$E105hz5EdhPyJUmFYlyQ',#4586,'Mullion_N_L5_10000',$,$,#4597,#151,$);
#4593=IFCCARTESIANPOINT((10000.,12000.,350.00000000000142));
#4594=IFCDIRECTION((0.,0.,1.));
#4595=IFCDIRECTION((1.,0.,0.));
#4596=IFCAXIS2PLACEMENT3D(#4593,#4594,#4595);
#4597=IFCLOCALPLACEMENT(#103,#4596);
#4598=IFCOWNERHISTORY(#3,#4,.READWRITE.,.MODIFIED.,1788311653,#3,#4,1788311653);
#4599=IFCMEMBER('1hswVcMFDELuLFqjUpDFWt',#4598,'Mullion_S_L5_10000',$,$,#4609,#151,$);
#4605=IFCCARTESIANPOINT((10000.,-12000.,350.00000000000142));
#4606=IFCDIRECTION((0.,0.,1.));
#4607=IFCDIRECTION((1.,0.,0.));
#4608=IFCAXIS2PLACEMENT3D(#4605,#4606,#4607);
#4609=IFCLOCALPLACEMENT(#103,#4608);
#4610=IFCOWNERHISTORY(#3,#4,.READWRITE.,.MODIFIED.,1788311653,#3,#4,1788311653);
#4611=IFCMEMBER('1c4pgH3wb5au7H6VAGQkB_',#4610,'Mullion_N_L5_12000',$,$,#4621,#151,$);
#4617=IFCCARTESIANPOINT((12000.,12000.,350.00000000000142));
#4618=IFCDIRECTION((0.,0.,1.));
#4619=IFCDIRECTION((1.,0.,0.));
#4620=IFCAXIS2PLACEMENT3D(#4617,#4618,#4619);
#4621=IFCLOCALPLACEMENT(#103,#4620);
#4622=IFCOWNERHISTORY(#3,#4,.READWRITE.,.MODIFIED.,1788311653,#3,#4,1788311653);
#4623=IFCMEMBER('12kiLXvXTFowrbQX5ZIMNq',#4622,'Mullion_S_L5_12000',$,$,#4633,#151,$);
#4629=IFCCARTESIANPOINT((12000.,-12000.,350.00000000000142));
#4630=IFCDIRECTION((0.,0.,1.));
#4631=IFCDIRECTION((1.,0.,0.));
#4632=IFCAXIS2PLACEMENT3D(#4629,#4630,#4631);
#4633=IFCLOCALPLACEMENT(#103,#4632);
#4634=IFCOWNERHISTORY(#3,#4,.READWRITE.,.MODIFIED.,1788311653,#3,#4,1788311653);
#4635=IFCMEMBER('3fGWFvYKP8ywNoBn3FvSnQ',#4634,'Mullion_N_L5_14000',$,$,#4645,#151,$);
#4641=IFCCARTESIANPOINT((14000.,12000.,350.00000000000142));
#4642=IFCDIRECTION((0.,0.,1.));
#4643=IFCDIRECTION((1.,0.,0.));
#4644=IFCAXIS2PLACEMENT3D(#4641,#4642,#4643);
#4645=IFCLOCALPLACEMENT(#103,#4644);
#4646=IFCOWNERHISTORY(#3,#4,.READWRITE.,.MODIFIED.,1788311653,#3,#4,1788311653);
#4647=IFCMEMBER('1Mo2Pj1YT8D9$EU2LuMIdH',#4646,'Mullion_S_L5_14000',$,$,#4657,#151,$);
#4653=IFCCARTESIANPOINT((14000.,-12000.,350.00000000000142));
#4654=IFCDIRECTION((0.,0.,1.));
#4655=IFCDIRECTION((1.,0.,0.));
#4656=IFCAXIS2PLACEMENT3D(#4653,#4654,#4655);
#4657=IFCLOCALPLACEMENT(#103,#4656);
#4658=IFCOWNERHISTORY(#3,#4,.READWRITE.,.MODIFIED.,1788311653,#3,#4,1788311653);
#4659=IFCMEMBER('2kX8B2xqr8xxjMPmyNJ9k9',#4658,'Mullion_N_L5_16000',$,$,#4669,#151,$);
#4665=IFCCARTESIANPOINT((16000.,12000.,350.00000000000142));
#4666=IFCDIRECTION((0.,0.,1.));
#4667=IFCDIRECTION((1.,0.,0.));
#4668=IFCAXIS2PLACEMENT3D(#4665,#4666,#4667);
#4669=IFCLOCALPLACEMENT(#103,#4668);
#4670=IFCOWNERHISTORY(#3,#4,.READWRITE.,.MODIFIED.,1788311653,#3,#4,1788311653);
#4671=IFCMEMBER('3pN5JNff15QO7kgcJKt_Y7',#4670,'Mullion_S_L5_16000',$,$,#4681,#151,$);
#4677=IFCCARTESIANPOINT((16000.,-12000.,350.00000000000142));
#4678=IFCDIRECTION((0.,0.,1.));
#4679=IFCDIRECTION((1.,0.,0.));
#4680=IFCAXIS2PLACEMENT3D(#4677,#4678,#4679);
#4681=IFCLOCALPLACEMENT(#103,#4680);
#4682=IFCOWNERHISTORY(#3,#4,.READWRITE.,.MODIFIED.,1788311653,#3,#4,1788311653);
#4683=IFCSLAB('1yxI6ZPvLBVPEm9yv37NMl',#4682,'RC_Slab_L6_350mm',$,$,#4695,#124,$,$);
#4689=IFCOWNERHISTORY(#3,#4,.READWRITE.,.MODIFIED.,1788311654,#3,#4,1788311653);
#4690=IFCRELCONTAINEDINSPATIALSTRUCTURE('1NJKD5dDv68QNF2R6$200z',#4689,$,$,(#4721,#5093,#4745,#5117,#6845,#5333,#4985,#4961,#5249,#4853,#5357,#5009,#5381,#5273,#4877,#4769,#5033,#4683,#4925,#4901,#5297,#5405,#4805,#5141,#4793,#5165,#5057,#5321,#4949,#5213,#4817,#5189,#5081,#4709,#4841,#4733,#5105,#5129,#6857,#4973,#5345,#5237,#4997,#5369,#5261,#4865,#4757,#5021,#5393,#4913,#4889,#5285,#5069,#4937,#5309,#4781,#5153,#5045,#5201,#5177,#4697,#5225,#4829),#105);
#4691=IFCCARTESIANPOINT((0.,0.,0.));
#4692=IFCDIRECTION((0.,0.,1.));
#4693=IFCDIRECTION((1.,0.,0.));
#4694=IFCAXIS2PLACEMENT3D(#4691,#4692,#4693);
#4695=IFCLOCALPLACEMENT(#115,#4694);
#4696=IFCOWNERHISTORY(#3,#4,.READWRITE.,.MODIFIED.,1788311653,#3,#4,1788311653);
#4697=IFCWALL('14tPuShiz8SRIzGBMr575a',#4696,'Core_North_L6',$,$,#4707,#142,$);
#4703=IFCCARTESIANPOINT((0.,3000.,350.00000000000142));
#4704=IFCDIRECTION((0.,0.,1.));
#4705=IFCDIRECTION((1.,0.,0.));
#4706=IFCAXIS2PLACEMENT3D(#4703,#4704,#4705);
#4707=IFCLOCALPLACEMENT(#115,#4706);
#4708=IFCOWNERHISTORY(#3,#4,.READWRITE.,.MODIFIED.,1788311653,#3,#4,1788311653);
#4709=IFCWALL('083OxA4o19LA$2fw_7eGAe',#4708,'Core_South_L6',$,$,#4719,#142,$);
#4715=IFCCARTESIANPOINT((0.,-3000.,350.00000000000142));
#4716=IFCDIRECTION((0.,0.,1.));
#4717=IFCDIRECTION((1.,0.,0.));
#4718=IFCAXIS2PLACEMENT3D(#4715,#4716,#4717);
#4719=IFCLOCALPLACEMENT(#115,#4718);
#4720=IFCOWNERHISTORY(#3,#4,.READWRITE.,.MODIFIED.,1788311653,#3,#4,1788311653);
#4721=IFCCOLUMN('0d6hGX4Tv6dOnE4VbMX5uY',#4720,'RC_Col_L6_-15000.0_-10000.0',$,$,#4731,#133,$);
#4727=IFCCARTESIANPOINT((-15000.,-10000.,350.00000000000142));
#4728=IFCDIRECTION((0.,0.,1.));
#4729=IFCDIRECTION((1.,0.,0.));
#4730=IFCAXIS2PLACEMENT3D(#4727,#4728,#4729);
#4731=IFCLOCALPLACEMENT(#115,#4730);
#4732=IFCOWNERHISTORY(#3,#4,.READWRITE.,.MODIFIED.,1788311653,#3,#4,1788311653);
#4733=IFCCOLUMN('1vfPnMoRDAjgKEheqYF43l',#4732,'RC_Col_L6_-15000.0_-3500.0',$,$,#4743,#133,$);
#4739=IFCCARTESIANPOINT((-15000.,-3500.,350.00000000000142));
#4740=IFCDIRECTION((0.,0.,1.));
#4741=IFCDIRECTION((1.,0.,0.));
#4742=IFCAXIS2PLACEMENT3D(#4739,#4740,#4741);
#4743=IFCLOCALPLACEMENT(#115,#4742);
#4744=IFCOWNERHISTORY(#3,#4,.READWRITE.,.MODIFIED.,1788311653,#3,#4,1788311653);
#4745=IFCCOLUMN('13EmGSmj59phJvJxVcdCXe',#4744,'RC_Col_L6_-15000.0_3500.0',$,$,#4755,#133,$);
#4751=IFCCARTESIANPOINT((-15000.,3500.,350.00000000000142));
#4752=IFCDIRECTION((0.,0.,1.));
#4753=IFCDIRECTION((1.,0.,0.));
#4754=IFCAXIS2PLACEMENT3D(#4751,#4752,#4753);
#4755=IFCLOCALPLACEMENT(#115,#4754);
#4756=IFCOWNERHISTORY(#3,#4,.READWRITE.,.MODIFIED.,1788311653,#3,#4,1788311653);
#4757=IFCCOLUMN('3s21lUNR95FBA_BHkPucYg',#4756,'RC_Col_L6_-15000.0_10000.0',$,$,#4767,#133,$);
#4763=IFCCARTESIANPOINT((-15000.,10000.,350.00000000000142));
#4764=IFCDIRECTION((0.,0.,1.));
#4765=IFCDIRECTION((1.,0.,0.));
#4766=IFCAXIS2PLACEMENT3D(#4763,#4764,#4765);
#4767=IFCLOCALPLACEMENT(#115,#4766);
#4768=IFCOWNERHISTORY(#3,#4,.READWRITE.,.MODIFIED.,1788311653,#3,#4,1788311653);
#4769=IFCCOLUMN('04lvpSotr2hg_rLvVWy$Zd',#4768,'RC_Col_L6_-9000.0_-10000.0',$,$,#4779,#133,$);
#4775=IFCCARTESIANPOINT((-9000.,-10000.,350.00000000000142));
#4776=IFCDIRECTION((0.,0.,1.));
#4777=IFCDIRECTION((1.,0.,0.));
#4778=IFCAXIS2PLACEMENT3D(#4775,#4776,#4777);
#4779=IFCLOCALPLACEMENT(#115,#4778);
#4780=IFCOWNERHISTORY(#3,#4,.READWRITE.,.MODIFIED.,1788311653,#3,#4,1788311653);
#4781=IFCCOLUMN('3cqJ1oeIb7xvxn1l4gCAbs',#4780,'RC_Col_L6_-9000.0_-3500.0',$,$,#4791,#133,$);
#4787=IFCCARTESIANPOINT((-9000.,-3500.,350.00000000000142));
#4788=IFCDIRECTION((0.,0.,1.));
#4789=IFCDIRECTION((1.,0.,0.));
#4790=IFCAXIS2PLACEMENT3D(#4787,#4788,#4789);
#4791=IFCLOCALPLACEMENT(#115,#4790);
#4792=IFCOWNERHISTORY(#3,#4,.READWRITE.,.MODIFIED.,1788311653,#3,#4,1788311653);
#4793=IFCCOLUMN('0p$1bTrhfFt8bhMIsl7xo0',#4792,'RC_Col_L6_-9000.0_3500.0',$,$,#4803,#133,$);
#4799=IFCCARTESIANPOINT((-9000.,3500.,350.00000000000142));
#4800=IFCDIRECTION((0.,0.,1.));
#4801=IFCDIRECTION((1.,0.,0.));
#4802=IFCAXIS2PLACEMENT3D(#4799,#4800,#4801);
#4803=IFCLOCALPLACEMENT(#115,#4802);
#4804=IFCOWNERHISTORY(#3,#4,.READWRITE.,.MODIFIED.,1788311653,#3,#4,1788311653);
#4805=IFCCOLUMN('2hN29Uim59lwWgGIu4eYsJ',#4804,'RC_Col_L6_-9000.0_10000.0',$,$,#4815,#133,$);
#4811=IFCCARTESIANPOINT((-9000.,10000.,350.00000000000142));
#4812=IFCDIRECTION((0.,0.,1.));
#4813=IFCDIRECTION((1.,0.,0.));
#4814=IFCAXIS2PLACEMENT3D(#4811,#4812,#4813);
#4815=IFCLOCALPLACEMENT(#115,#4814);
#4816=IFCOWNERHISTORY(#3,#4,.READWRITE.,.MODIFIED.,1788311653,#3,#4,1788311653);
#4817=IFCCOLUMN('0nFFuFI_fC0852JfecG764',#4816,'RC_Col_L6_-3000.0_-10000.0',$,$,#4827,#133,$);
#4823=IFCCARTESIANPOINT((-3000.,-10000.,350.00000000000142));
#4824=IFCDIRECTION((0.,0.,1.));
#4825=IFCDIRECTION((1.,0.,0.));
#4826=IFCAXIS2PLACEMENT3D(#4823,#4824,#4825);
#4827=IFCLOCALPLACEMENT(#115,#4826);
#4828=IFCOWNERHISTORY(#3,#4,.READWRITE.,.MODIFIED.,1788311653,#3,#4,1788311653);
#4829=IFCCOLUMN('0nNhJ5rXD5Px_BydRGcYfv',#4828,'RC_Col_L6_-3000.0_-3500.0',$,$,#4839,#133,$);
#4835=IFCCARTESIANPOINT((-3000.,-3500.,350.00000000000142));
#4836=IFCDIRECTION((0.,0.,1.));
#4837=IFCDIRECTION((1.,0.,0.));
#4838=IFCAXIS2PLACEMENT3D(#4835,#4836,#4837);
#4839=IFCLOCALPLACEMENT(#115,#4838);
#4840=IFCOWNERHISTORY(#3,#4,.READWRITE.,.MODIFIED.,1788311653,#3,#4,1788311653);
#4841=IFCCOLUMN('1rxkCYwGb3XfrufESV3Mhu',#4840,'RC_Col_L6_-3000.0_3500.0',$,$,#4851,#133,$);
#4847=IFCCARTESIANPOINT((-3000.,3500.,350.00000000000142));
#4848=IFCDIRECTION((0.,0.,1.));
#4849=IFCDIRECTION((1.,0.,0.));
#4850=IFCAXIS2PLACEMENT3D(#4847,#4848,#4849);
#4851=IFCLOCALPLACEMENT(#115,#4850);
#4852=IFCOWNERHISTORY(#3,#4,.READWRITE.,.MODIFIED.,1788311653,#3,#4,1788311653);
#4853=IFCCOLUMN('33bqdEP9v2JuTsSvzBUin1',#4852,'RC_Col_L6_-3000.0_10000.0',$,$,#4863,#133,$);
#4859=IFCCARTESIANPOINT((-3000.,10000.,350.00000000000142));
#4860=IFCDIRECTION((0.,0.,1.));
#4861=IFCDIRECTION((1.,0.,0.));
#4862=IFCAXIS2PLACEMENT3D(#4859,#4860,#4861);
#4863=IFCLOCALPLACEMENT(#115,#4862);
#4864=IFCOWNERHISTORY(#3,#4,.READWRITE.,.MODIFIED.,1788311653,#3,#4,1788311653);
#4865=IFCCOLUMN('1n5IpX4gf3OuLU2Vqr2_Vw',#4864,'RC_Col_L6_3000.0_-10000.0',$,$,#4875,#133,$);
#4871=IFCCARTESIANPOINT((3000.,-10000.,350.00000000000142));
#4872=IFCDIRECTION((0.,0.,1.));
#4873=IFCDIRECTION((1.,0.,0.));
#4874=IFCAXIS2PLACEMENT3D(#4871,#4872,#4873);
#4875=IFCLOCALPLACEMENT(#115,#4874);
#4876=IFCOWNERHISTORY(#3,#4,.READWRITE.,.MODIFIED.,1788311653,#3,#4,1788311653);
#4877=IFCCOLUMN('0eZXb6nib91fx7UeMWhVy7',#4876,'RC_Col_L6_3000.0_-3500.0',$,$,#4887,#133,$);
#4883=IFCCARTESIANPOINT((3000.,-3500.,350.00000000000142));
#4884=IFCDIRECTION((0.,0.,1.));
#4885=IFCDIRECTION((1.,0.,0.));
#4886=IFCAXIS2PLACEMENT3D(#4883,#4884,#4885);
#4887=IFCLOCALPLACEMENT(#115,#4886);
#4888=IFCOWNERHISTORY(#3,#4,.READWRITE.,.MODIFIED.,1788311653,#3,#4,1788311653);
#4889=IFCCOLUMN('3LUodmdjP83PC3_6HYd1UB',#4888,'RC_Col_L6_3000.0_3500.0',$,$,#4899,#133,$);
#4895=IFCCARTESIANPOINT((3000.,3500.,350.00000000000142));
#4896=IFCDIRECTION((0.,0.,1.));
#4897=IFCDIRECTION((1.,0.,0.));
#4898=IFCAXIS2PLACEMENT3D(#4895,#4896,#4897);
#4899=IFCLOCALPLACEMENT(#115,#4898);
#4900=IFCOWNERHISTORY(#3,#4,.READWRITE.,.MODIFIED.,1788311653,#3,#4,1788311653);
#4901=IFCCOLUMN('3mnMc4_ZH9Kf$VToz9ppJb',#4900,'RC_Col_L6_3000.0_10000.0',$,$,#4911,#133,$);
#4907=IFCCARTESIANPOINT((3000.,10000.,350.00000000000142));
#4908=IFCDIRECTION((0.,0.,1.));
#4909=IFCDIRECTION((1.,0.,0.));
#4910=IFCAXIS2PLACEMENT3D(#4907,#4908,#4909);
#4911=IFCLOCALPLACEMENT(#115,#4910);
#4912=IFCOWNERHISTORY(#3,#4,.READWRITE.,.MODIFIED.,1788311653,#3,#4,1788311653);
#4913=IFCCOLUMN('2uMvQL37vAVRsgD12o4Bsr',#4912,'RC_Col_L6_9000.0_-10000.0',$,$,#4923,#133,$);
#4919=IFCCARTESIANPOINT((9000.,-10000.,350.00000000000142));
#4920=IFCDIRECTION((0.,0.,1.));
#4921=IFCDIRECTION((1.,0.,0.));
#4922=IFCAXIS2PLACEMENT3D(#4919,#4920,#4921);
#4923=IFCLOCALPLACEMENT(#115,#4922);
#4924=IFCOWNERHISTORY(#3,#4,.READWRITE.,.MODIFIED.,1788311653,#3,#4,1788311653);
#4925=IFCCOLUMN('1Pd3livCb2XR_f9Q_zIdZ$',#4924,'RC_Col_L6_9000.0_-3500.0',$,$,#4935,#133,$);
#4931=IFCCARTESIANPOINT((9000.,-3500.,350.00000000000142));
#4932=IFCDIRECTION((0.,0.,1.));
#4933=IFCDIRECTION((1.,0.,0.));
#4934=IFCAXIS2PLACEMENT3D(#4931,#4932,#4933);
#4935=IFCLOCALPLACEMENT(#115,#4934);
#4936=IFCOWNERHISTORY(#3,#4,.READWRITE.,.MODIFIED.,1788311653,#3,#4,1788311653);
#4937=IFCCOLUMN('1$IWbpxT95nBMaYANmFc_F',#4936,'RC_Col_L6_9000.0_3500.0',$,$,#4947,#133,$);
#4943=IFCCARTESIANPOINT((9000.,3500.,350.00000000000142));
#4944=IFCDIRECTION((0.,0.,1.));
#4945=IFCDIRECTION((1.,0.,0.));
#4946=IFCAXIS2PLACEMENT3D(#4943,#4944,#4945);
#4947=IFCLOCALPLACEMENT(#115,#4946);
#4948=IFCOWNERHISTORY(#3,#4,.READWRITE.,.MODIFIED.,1788311653,#3,#4,1788311653);
#4949=IFCCOLUMN('08feJP9kjDngk_rVMtrIRp',#4948,'RC_Col_L6_9000.0_10000.0',$,$,#4959,#133,$);
#4955=IFCCARTESIANPOINT((9000.,10000.,350.00000000000142));
#4956=IFCDIRECTION((0.,0.,1.));
#4957=IFCDIRECTION((1.,0.,0.));
#4958=IFCAXIS2PLACEMENT3D(#4955,#4956,#4957);
#4959=IFCLOCALPLACEMENT(#115,#4958);
#4960=IFCOWNERHISTORY(#3,#4,.READWRITE.,.MODIFIED.,1788311653,#3,#4,1788311653);
#4961=IFCCOLUMN('0et56BdRPCCAT2sjTPni_q',#4960,'RC_Col_L6_15000.0_-10000.0',$,$,#4971,#133,$);
#4967=IFCCARTESIANPOINT((15000.,-10000.,350.00000000000142));
#4968=IFCDIRECTION((0.,0.,1.));
#4969=IFCDIRECTION((1.,0.,0.));
#4970=IFCAXIS2PLACEMENT3D(#4967,#4968,#4969);
#4971=IFCLOCALPLACEMENT(#115,#4970);
#4972=IFCOWNERHISTORY(#3,#4,.READWRITE.,.MODIFIED.,1788311653,#3,#4,1788311653);
#4973=IFCCOLUMN('2qIn0RD6XBCB$gOCdckeTL',#4972,'RC_Col_L6_15000.0_-3500.0',$,$,#4983,#133,$);
#4979=IFCCARTESIANPOINT((15000.,-3500.,350.00000000000142));
#4980=IFCDIRECTION((0.,0.,1.));
#4981=IFCDIRECTION((1.,0.,0.));
#4982=IFCAXIS2PLACEMENT3D(#4979,#4980,#4981);
#4983=IFCLOCALPLACEMENT(#115,#4982);
#4984=IFCOWNERHISTORY(#3,#4,.READWRITE.,.MODIFIED.,1788311653,#3,#4,1788311653);
#4985=IFCCOLUMN('16lMAWgur30OFMOlf5HfMY',#4984,'RC_Col_L6_15000.0_3500.0',$,$,#4995,#133,$);
#4991=IFCCARTESIANPOINT((15000.,3500.,350.00000000000142));
#4992=IFCDIRECTION((0.,0.,1.));
#4993=IFCDIRECTION((1.,0.,0.));
#4994=IFCAXIS2PLACEMENT3D(#4991,#4992,#4993);
#4995=IFCLOCALPLACEMENT(#115,#4994);
#4996=IFCOWNERHISTORY(#3,#4,.READWRITE.,.MODIFIED.,1788311653,#3,#4,1788311653);
#4997=IFCCOLUMN('1Y_eQ1TFjCaxmG0aEVH1cw',#4996,'RC_Col_L6_15000.0_10000.0',$,$,#5007,#133,$);
#5003=IFCCARTESIANPOINT((15000.,10000.,350.00000000000142));
#5004=IFCDIRECTION((0.,0.,1.));
#5005=IFCDIRECTION((1.,0.,0.));
#5006=IFCAXIS2PLACEMENT3D(#5003,#5004,#5005);
#5007=IFCLOCALPLACEMENT(#115,#5006);
#5008=IFCOWNERHISTORY(#3,#4,.READWRITE.,.MODIFIED.,1788311653,#3,#4,1788311653);
#5009=IFCMEMBER('0tVsrq3CjBSf73pTwg0jvq',#5008,'Mullion_N_L6_-16000',$,$,#5019,#151,$);
#5015=IFCCARTESIANPOINT((-16000.,12000.,350.00000000000142));
#5016=IFCDIRECTION((0.,0.,1.));
#5017=IFCDIRECTION((1.,0.,0.));
#5018=IFCAXIS2PLACEMENT3D(#5015,#5016,#5017);
#5019=IFCLOCALPLACEMENT(#115,#5018);
#5020=IFCOWNERHISTORY(#3,#4,.READWRITE.,.MODIFIED.,1788311653,#3,#4,1788311653);
#5021=IFCMEMBER('2xL5Xz3FHCiPwXQLbbdiEq',#5020,'Mullion_S_L6_-16000',$,$,#5031,#151,$);
#5027=IFCCARTESIANPOINT((-16000.,-12000.,350.00000000000142));
#5028=IFCDIRECTION((0.,0.,1.));
#5029=IFCDIRECTION((1.,0.,0.));
#5030=IFCAXIS2PLACEMENT3D(#5027,#5028,#5029);
#5031=IFCLOCALPLACEMENT(#115,#5030);
#5032=IFCOWNERHISTORY(#3,#4,.READWRITE.,.MODIFIED.,1788311653,#3,#4,1788311653);
#5033=IFCMEMBER('3sJeg0b9L9Pw4GS5Flc_Yz',#5032,'Mullion_N_L6_-14000',$,$,#5043,#151,$);
#5039=IFCCARTESIANPOINT((-14000.,12000.,350.00000000000142));
#5040=IFCDIRECTION((0.,0.,1.));
#5041=IFCDIRECTION((1.,0.,0.));
#5042=IFCAXIS2PLACEMENT3D(#5039,#5040,#5041);
#5043=IFCLOCALPLACEMENT(#115,#5042);
#5044=IFCOWNERHISTORY(#3,#4,.READWRITE.,.MODIFIED.,1788311653,#3,#4,1788311653);
#5045=IFCMEMBER('1B2dLXkL9FxB5OYvKPR33t',#5044,'Mullion_S_L6_-14000',$,$,#5055,#151,$);
#5051=IFCCARTESIANPOINT((-14000.,-12000.,350.00000000000142));
#5052=IFCDIRECTION((0.,0.,1.));
#5053=IFCDIRECTION((1.,0.,0.));
#5054=IFCAXIS2PLACEMENT3D(#5051,#5052,#5053);
#5055=IFCLOCALPLACEMENT(#115,#5054);
#5056=IFCOWNERHISTORY(#3,#4,.READWRITE.,.MODIFIED.,1788311653,#3,#4,1788311653);
#5057=IFCMEMBER('1tCp_1fbv84w7vl7Qb8I9t',#5056,'Mullion_N_L6_-12000',$,$,#5067,#151,$);
#5063=IFCCARTESIANPOINT((-12000.,12000.,350.00000000000142));
#5064=IFCDIRECTION((0.,0.,1.));
#5065=IFCDIRECTION((1.,0.,0.));
#5066=IFCAXIS2PLACEMENT3D(#5063,#5064,#5065);
#5067=IFCLOCALPLACEMENT(#115,#5066);
#5068=IFCOWNERHISTORY(#3,#4,.READWRITE.,.MODIFIED.,1788311653,#3,#4,1788311653);
#5069=IFCMEMBER('0wBx4trU50BAfvdL5qofto',#5068,'Mullion_S_L6_-12000',$,$,#5079,#151,$);
#5075=IFCCARTESIANPOINT((-12000.,-12000.,350.00000000000142));
#5076=IFCDIRECTION((0.,0.,1.));
#5077=IFCDIRECTION((1.,0.,0.));
#5078=IFCAXIS2PLACEMENT3D(#5075,#5076,#5077);
#5079=IFCLOCALPLACEMENT(#115,#5078);
#5080=IFCOWNERHISTORY(#3,#4,.READWRITE.,.MODIFIED.,1788311653,#3,#4,1788311653);
#5081=IFCMEMBER('3gC3aXsY90RPma4rUZWhyN',#5080,'Mullion_N_L6_-10000',$,$,#5091,#151,$);
#5087=IFCCARTESIANPOINT((-10000.,12000.,350.00000000000142));
#5088=IFCDIRECTION((0.,0.,1.));
#5089=IFCDIRECTION((1.,0.,0.));
#5090=IFCAXIS2PLACEMENT3D(#5087,#5088,#5089);
#5091=IFCLOCALPLACEMENT(#115,#5090);
#5092=IFCOWNERHISTORY(#3,#4,.READWRITE.,.MODIFIED.,1788311653,#3,#4,1788311653);
#5093=IFCMEMBER('0cAom8PBT3DO9Gwq1a6bcn',#5092,'Mullion_S_L6_-10000',$,$,#5103,#151,$);
#5099=IFCCARTESIANPOINT((-10000.,-12000.,350.00000000000142));
#5100=IFCDIRECTION((0.,0.,1.));
#5101=IFCDIRECTION((1.,0.,0.));
#5102=IFCAXIS2PLACEMENT3D(#5099,#5100,#5101);
#5103=IFCLOCALPLACEMENT(#115,#5102);
#5104=IFCOWNERHISTORY(#3,#4,.READWRITE.,.MODIFIED.,1788311653,#3,#4,1788311653);
#5105=IFCMEMBER('0OAanlcg18bPjrFZf$p69c',#5104,'Mullion_N_L6_-8000',$,$,#5115,#151,$);
#5111=IFCCARTESIANPOINT((-8000.,12000.,350.00000000000142));
#5112=IFCDIRECTION((0.,0.,1.));
#5113=IFCDIRECTION((1.,0.,0.));
#5114=IFCAXIS2PLACEMENT3D(#5111,#5112,#5113);
#5115=IFCLOCALPLACEMENT(#115,#5114);
#5116=IFCOWNERHISTORY(#3,#4,.READWRITE.,.MODIFIED.,1788311653,#3,#4,1788311653);
#5117=IFCMEMBER('17BeoS9BD9sAK0LPj5U2hh',#5116,'Mullion_S_L6_-8000',$,$,#5127,#151,$);
#5123=IFCCARTESIANPOINT((-8000.,-12000.,350.00000000000142));
#5124=IFCDIRECTION((0.,0.,1.));
#5125=IFCDIRECTION((1.,0.,0.));
#5126=IFCAXIS2PLACEMENT3D(#5123,#5124,#5125);
#5127=IFCLOCALPLACEMENT(#115,#5126);
#5128=IFCOWNERHISTORY(#3,#4,.READWRITE.,.MODIFIED.,1788311653,#3,#4,1788311653);
#5129=IFCMEMBER('0HeNneCKH1gOUT37lyBzHy',#5128,'Mullion_N_L6_-6000',$,$,#5139,#151,$);
#5135=IFCCARTESIANPOINT((-6000.,12000.,350.00000000000142));
#5136=IFCDIRECTION((0.,0.,1.));
#5137=IFCDIRECTION((1.,0.,0.));
#5138=IFCAXIS2PLACEMENT3D(#5135,#5136,#5137);
#5139=IFCLOCALPLACEMENT(#115,#5138);
#5140=IFCOWNERHISTORY(#3,#4,.READWRITE.,.MODIFIED.,1788311653,#3,#4,1788311653);
#5141=IFCMEMBER('3U0y_9hHP9Ggv$kGay5OI7',#5140,'Mullion_S_L6_-6000',$,$,#5151,#151,$);
#5147=IFCCARTESIANPOINT((-6000.,-12000.,350.00000000000142));
#5148=IFCDIRECTION((0.,0.,1.));
#5149=IFCDIRECTION((1.,0.,0.));
#5150=IFCAXIS2PLACEMENT3D(#5147,#5148,#5149);
#5151=IFCLOCALPLACEMENT(#115,#5150);
#5152=IFCOWNERHISTORY(#3,#4,.READWRITE.,.MODIFIED.,1788311653,#3,#4,1788311653);
#5153=IFCMEMBER('0NL6Ntoff6whTK7iljyM$B',#5152,'Mullion_N_L6_-4000',$,$,#5163,#151,$);
#5159=IFCCARTESIANPOINT((-4000.,12000.,350.00000000000142));
#5160=IFCDIRECTION((0.,0.,1.));
#5161=IFCDIRECTION((1.,0.,0.));
#5162=IFCAXIS2PLACEMENT3D(#5159,#5160,#5161);
#5163=IFCLOCALPLACEMENT(#115,#5162);
#5164=IFCOWNERHISTORY(#3,#4,.READWRITE.,.MODIFIED.,1788311653,#3,#4,1788311653);
#5165=IFCMEMBER('3DS9j6AFz17hw8rfWrbz_2',#5164,'Mullion_S_L6_-4000',$,$,#5175,#151,$);
#5171=IFCCARTESIANPOINT((-4000.,-12000.,350.00000000000142));
#5172=IFCDIRECTION((0.,0.,1.));
#5173=IFCDIRECTION((1.,0.,0.));
#5174=IFCAXIS2PLACEMENT3D(#5171,#5172,#5173);
#5175=IFCLOCALPLACEMENT(#115,#5174);
#5176=IFCOWNERHISTORY(#3,#4,.READWRITE.,.MODIFIED.,1788311653,#3,#4,1788311653);
#5177=IFCMEMBER('08pFcj72f3AeX$qQIs$bY7',#5176,'Mullion_N_L6_-2000',$,$,#5187,#151,$);
#5183=IFCCARTESIANPOINT((-2000.,12000.,350.00000000000142));
#5184=IFCDIRECTION((0.,0.,1.));
#5185=IFCDIRECTION((1.,0.,0.));
#5186=IFCAXIS2PLACEMENT3D(#5183,#5184,#5185);
#5187=IFCLOCALPLACEMENT(#115,#5186);
#5188=IFCOWNERHISTORY(#3,#4,.READWRITE.,.MODIFIED.,1788311653,#3,#4,1788311653);
#5189=IFCMEMBER('1h0IskVOr5mBYGcLdbl0N6',#5188,'Mullion_S_L6_-2000',$,$,#5199,#151,$);
#5195=IFCCARTESIANPOINT((-2000.,-12000.,350.00000000000142));
#5196=IFCDIRECTION((0.,0.,1.));
#5197=IFCDIRECTION((1.,0.,0.));
#5198=IFCAXIS2PLACEMENT3D(#5195,#5196,#5197);
#5199=IFCLOCALPLACEMENT(#115,#5198);
#5200=IFCOWNERHISTORY(#3,#4,.READWRITE.,.MODIFIED.,1788311653,#3,#4,1788311653);
#5201=IFCMEMBER('1098qEqvT4YuhFnUePDhAD',#5200,'Mullion_N_L6_0',$,$,#5211,#151,$);
#5207=IFCCARTESIANPOINT((0.,12000.,350.00000000000142));
#5208=IFCDIRECTION((0.,0.,1.));
#5209=IFCDIRECTION((1.,0.,0.));
#5210=IFCAXIS2PLACEMENT3D(#5207,#5208,#5209);
#5211=IFCLOCALPLACEMENT(#115,#5210);
#5212=IFCOWNERHISTORY(#3,#4,.READWRITE.,.MODIFIED.,1788311653,#3,#4,1788311653);
#5213=IFCMEMBER('1_xnYD8$n2yvvjImbj0IUM',#5212,'Mullion_S_L6_0',$,$,#5223,#151,$);
#5219=IFCCARTESIANPOINT((0.,-12000.,350.00000000000142));
#5220=IFCDIRECTION((0.,0.,1.));
#5221=IFCDIRECTION((1.,0.,0.));
#5222=IFCAXIS2PLACEMENT3D(#5219,#5220,#5221);
#5223=IFCLOCALPLACEMENT(#115,#5222);
#5224=IFCOWNERHISTORY(#3,#4,.READWRITE.,.MODIFIED.,1788311653,#3,#4,1788311653);
#5225=IFCMEMBER('1UgCAGDsH92B1NbkK8pHwm',#5224,'Mullion_N_L6_2000',$,$,#5235,#151,$);
#5231=IFCCARTESIANPOINT((2000.,12000.,350.00000000000142));
#5232=IFCDIRECTION((0.,0.,1.));
#5233=IFCDIRECTION((1.,0.,0.));
#5234=IFCAXIS2PLACEMENT3D(#5231,#5232,#5233);
#5235=IFCLOCALPLACEMENT(#115,#5234);
#5236=IFCOWNERHISTORY(#3,#4,.READWRITE.,.MODIFIED.,1788311653,#3,#4,1788311653);
#5237=IFCMEMBER('3ntVohDD5BrPSZzJ2d2wgO',#5236,'Mullion_S_L6_2000',$,$,#5247,#151,$);
#5243=IFCCARTESIANPOINT((2000.,-12000.,350.00000000000142));
#5244=IFCDIRECTION((0.,0.,1.));
#5245=IFCDIRECTION((1.,0.,0.));
#5246=IFCAXIS2PLACEMENT3D(#5243,#5244,#5245);
#5247=IFCLOCALPLACEMENT(#115,#5246);
#5248=IFCOWNERHISTORY(#3,#4,.READWRITE.,.MODIFIED.,1788311653,#3,#4,1788311653);
#5249=IFCMEMBER('0y9H46fBfF2Rg9$qFLzOvr',#5248,'Mullion_N_L6_4000',$,$,#5259,#151,$);
#5255=IFCCARTESIANPOINT((4000.,12000.,350.00000000000142));
#5256=IFCDIRECTION((0.,0.,1.));
#5257=IFCDIRECTION((1.,0.,0.));
#5258=IFCAXIS2PLACEMENT3D(#5255,#5256,#5257);
#5259=IFCLOCALPLACEMENT(#115,#5258);
#5260=IFCOWNERHISTORY(#3,#4,.READWRITE.,.MODIFIED.,1788311653,#3,#4,1788311653);
#5261=IFCMEMBER('0FgcgBCJnAefttzgVZID4Z',#5260,'Mullion_S_L6_4000',$,$,#5271,#151,$);
#5267=IFCCARTESIANPOINT((4000.,-12000.,350.00000000000142));
#5268=IFCDIRECTION((0.,0.,1.));
#5269=IFCDIRECTION((1.,0.,0.));
#5270=IFCAXIS2PLACEMENT3D(#5267,#5268,#5269);
#5271=IFCLOCALPLACEMENT(#115,#5270);
#5272=IFCOWNERHISTORY(#3,#4,.READWRITE.,.MODIFIED.,1788311653,#3,#4,1788311653);
#5273=IFCMEMBER('1YAhN18Rj8fgp4BarNEiBD',#5272,'Mullion_N_L6_6000',$,$,#5283,#151,$);
#5279=IFCCARTESIANPOINT((6000.,12000.,350.00000000000142));
#5280=IFCDIRECTION((0.,0.,1.));
#5281=IFCDIRECTION((1.,0.,0.));
#5282=IFCAXIS2PLACEMENT3D(#5279,#5280,#5281);
#5283=IFCLOCALPLACEMENT(#115,#5282);
#5284=IFCOWNERHISTORY(#3,#4,.READWRITE.,.MODIFIED.,1788311653,#3,#4,1788311653);
#5285=IFCMEMBER('3f9Ft1YF51POp5Y1s7pY6B',#5284,'Mullion_S_L6_6000',$,$,#5295,#151,$);
#5291=IFCCARTESIANPOINT((6000.,-12000.,350.00000000000142));
#5292=IFCDIRECTION((0.,0.,1.));
#5293=IFCDIRECTION((1.,0.,0.));
#5294=IFCAXIS2PLACEMENT3D(#5291,#5292,#5293);
#5295=IFCLOCALPLACEMENT(#115,#5294);
#5296=IFCOWNERHISTORY(#3,#4,.READWRITE.,.MODIFIED.,1788311653,#3,#4,1788311653);
#5297=IFCMEMBER('13UOAyU$D5MQR98QTFxd0F',#5296,'Mullion_N_L6_8000',$,$,#5307,#151,$);
#5303=IFCCARTESIANPOINT((8000.,12000.,350.00000000000142));
#5304=IFCDIRECTION((0.,0.,1.));
#5305=IFCDIRECTION((1.,0.,0.));
#5306=IFCAXIS2PLACEMENT3D(#5303,#5304,#5305);
#5307=IFCLOCALPLACEMENT(#115,#5306);
#5308=IFCOWNERHISTORY(#3,#4,.READWRITE.,.MODIFIED.,1788311653,#3,#4,1788311653);
#5309=IFCMEMBER('0frk$vQSLB8vjcRvmxynQZ',#5308,'Mullion_S_L6_8000',$,$,#5319,#151,$);
#5315=IFCCARTESIANPOINT((8000.,-12000.,350.00000000000142));
#5316=IFCDIRECTION((0.,0.,1.));
#5317=IFCDIRECTION((1.,0.,0.));
#5318=IFCAXIS2PLACEMENT3D(#5315,#5316,#5317);
#5319=IFCLOCALPLACEMENT(#115,#5318);
#5320=IFCOWNERHISTORY(#3,#4,.READWRITE.,.MODIFIED.,1788311653,#3,#4,1788311653);
#5321=IFCMEMBER('30anY8tvH8HgAT2z8pxVJD',#5320,'Mullion_N_L6_10000',$,$,#5331,#151,$);
#5327=IFCCARTESIANPOINT((10000.,12000.,350.00000000000142));
#5328=IFCDIRECTION((0.,0.,1.));
#5329=IFCDIRECTION((1.,0.,0.));
#5330=IFCAXIS2PLACEMENT3D(#5327,#5328,#5329);
#5331=IFCLOCALPLACEMENT(#115,#5330);
#5332=IFCOWNERHISTORY(#3,#4,.READWRITE.,.MODIFIED.,1788311653,#3,#4,1788311653);
#5333=IFCMEMBER('1F$Tx4WTT5$fWUNLur1lFy',#5332,'Mullion_S_L6_10000',$,$,#5343,#151,$);
#5339=IFCCARTESIANPOINT((10000.,-12000.,350.00000000000142));
#5340=IFCDIRECTION((0.,0.,1.));
#5341=IFCDIRECTION((1.,0.,0.));
#5342=IFCAXIS2PLACEMENT3D(#5339,#5340,#5341);
#5343=IFCLOCALPLACEMENT(#115,#5342);
#5344=IFCOWNERHISTORY(#3,#4,.READWRITE.,.MODIFIED.,1788311653,#3,#4,1788311653);
#5345=IFCMEMBER('35ihNp21n3RRkGJg80wlSB',#5344,'Mullion_N_L6_12000',$,$,#5355,#151,$);
#5351=IFCCARTESIANPOINT((12000.,12000.,350.00000000000142));
#5352=IFCDIRECTION((0.,0.,1.));
#5353=IFCDIRECTION((1.,0.,0.));
#5354=IFCAXIS2PLACEMENT3D(#5351,#5352,#5353);
#5355=IFCLOCALPLACEMENT(#115,#5354);
#5356=IFCOWNERHISTORY(#3,#4,.READWRITE.,.MODIFIED.,1788311653,#3,#4,1788311653);
#5357=IFCMEMBER('2Zke6_rDz1iBowffxyCpaO',#5356,'Mullion_S_L6_12000',$,$,#5367,#151,$);
#5363=IFCCARTESIANPOINT((12000.,-12000.,350.00000000000142));
#5364=IFCDIRECTION((0.,0.,1.));
#5365=IFCDIRECTION((1.,0.,0.));
#5366=IFCAXIS2PLACEMENT3D(#5363,#5364,#5365);
#5367=IFCLOCALPLACEMENT(#115,#5366);
#5368=IFCOWNERHISTORY(#3,#4,.READWRITE.,.MODIFIED.,1788311653,#3,#4,1788311653);
#5369=IFCMEMBER('3893oLaHP6uRLkajR8oRMu',#5368,'Mullion_N_L6_14000',$,$,#5379,#151,$);
#5375=IFCCARTESIANPOINT((14000.,12000.,350.00000000000142));
#5376=IFCDIRECTION((0.,0.,1.));
#5377=IFCDIRECTION((1.,0.,0.));
#5378=IFCAXIS2PLACEMENT3D(#5375,#5376,#5377);
#5379=IFCLOCALPLACEMENT(#115,#5378);
#5380=IFCOWNERHISTORY(#3,#4,.READWRITE.,.MODIFIED.,1788311653,#3,#4,1788311653);
#5381=IFCMEMBER('1SWnJsFrb9u9FSsrVFvXoZ',#5380,'Mullion_S_L6_14000',$,$,#5391,#151,$);
#5387=IFCCARTESIANPOINT((14000.,-12000.,350.00000000000142));
#5388=IFCDIRECTION((0.,0.,1.));
#5389=IFCDIRECTION((1.,0.,0.));
#5390=IFCAXIS2PLACEMENT3D(#5387,#5388,#5389);
#5391=IFCLOCALPLACEMENT(#115,#5390);
#5392=IFCOWNERHISTORY(#3,#4,.READWRITE.,.MODIFIED.,1788311653,#3,#4,1788311653);
#5393=IFCMEMBER('1WCZ7hNA14fAFQkNL3GbIs',#5392,'Mullion_N_L6_16000',$,$,#5403,#151,$);
#5399=IFCCARTESIANPOINT((16000.,12000.,350.00000000000142));
#5400=IFCDIRECTION((0.,0.,1.));
#5401=IFCDIRECTION((1.,0.,0.));
#5402=IFCAXIS2PLACEMENT3D(#5399,#5400,#5401);
#5403=IFCLOCALPLACEMENT(#115,#5402);
#5404=IFCOWNERHISTORY(#3,#4,.READWRITE.,.MODIFIED.,1788311653,#3,#4,1788311653);
#5405=IFCMEMBER('1GDqe20kzArxEWRT7chU79',#5404,'Mullion_S_L6_16000',$,$,#5415,#151,$);
#5411=IFCCARTESIANPOINT((16000.,-12000.,350.00000000000142));
#5412=IFCDIRECTION((0.,0.,1.));
#5413=IFCDIRECTION((1.,0.,0.));
#5414=IFCAXIS2PLACEMENT3D(#5411,#5412,#5413);
#5415=IFCLOCALPLACEMENT(#115,#5414);
#5416=IFCOWNERHISTORY(#3,#4,.READWRITE.,.MODIFIED.,1788311653,#3,#4,1788311653);
#5417=IFCWALL('2FCUX4Wu5E4PZVu1KO9Mz2',#5416,'Comms_Wall_A_L3',$,$,#5427,#160,$);
#5423=IFCCARTESIANPOINT((-9000.,-9000.,349.99999999999966));
#5424=IFCDIRECTION((0.,0.,1.));
#5425=IFCDIRECTION((1.,0.,0.));
#5426=IFCAXIS2PLACEMENT3D(#5423,#5424,#5425);
#5427=IFCLOCALPLACEMENT(#79,#5426);
#5428=IFCOWNERHISTORY(#3,#4,.READWRITE.,.MODIFIED.,1788311653,#3,#4,1788311653);
#5429=IFCWALL('14vb2Lwrv9WQl8bwLs9Lka',#5428,'Comms_Wall_B_L3',$,$,#5439,#169,$);
#5435=IFCCARTESIANPOINT((-5000.,-6000.,349.99999999999966));
#5436=IFCDIRECTION((0.,0.,1.));
#5437=IFCDIRECTION((1.,0.,0.));
#5438=IFCAXIS2PLACEMENT3D(#5435,#5436,#5437);
#5439=IFCLOCALPLACEMENT(#79,#5438);
#5440=IFCOWNERHISTORY(#3,#4,.READWRITE.,.MODIFIED.,1788311653,#3,#4,1788311653);
#5441=IFCWALL('0dKXrN5$j0vuIuBcgwznHh',#5440,'Boardroom_Wall_L3',$,$,#5451,#178,$);
#5447=IFCCARTESIANPOINT((8000.,6000.,349.99999999999966));
#5448=IFCDIRECTION((0.,0.,1.));
#5449=IFCDIRECTION((1.,0.,0.));
#5450=IFCAXIS2PLACEMENT3D(#5447,#5448,#5449);
#5451=IFCLOCALPLACEMENT(#79,#5450);
#5452=IFCOWNERHISTORY(#3,#4,.READWRITE.,.MODIFIED.,1788311653,#3,#4,1788311653);
#5453=IFCFURNISHINGELEMENT('00RtGF$IT4wgTLG7ZP__Oe',#5452,'Desk_L3_-12000.0_-6000.0',$,$,#5463,#187,$);
#5459=IFCCARTESIANPOINT((-12000.,-6000.,349.99999999999966));
#5460=IFCDIRECTION((0.,0.,1.));
#5461=IFCDIRECTION((1.,0.,0.));
#5462=IFCAXIS2PLACEMENT3D(#5459,#5460,#5461);
#5463=IFCLOCALPLACEMENT(#79,#5462);
#5464=IFCOWNERHISTORY(#3,#4,.READWRITE.,.MODIFIED.,1788311653,#3,#4,1788311653);
#5465=IFCFURNISHINGELEMENT('3XJIdIS2L4eBfZ53XdKxoa',#5464,'Chair_L3_-12000.0_-6000.0',$,$,#5475,#196,$);
#5471=IFCCARTESIANPOINT((-12000.,-5400.,349.99999999999966));
#5472=IFCDIRECTION((0.,0.,1.));
#5473=IFCDIRECTION((1.,0.,0.));
#5474=IFCAXIS2PLACEMENT3D(#5471,#5472,#5473);
#5475=IFCLOCALPLACEMENT(#79,#5474);
#5476=IFCOWNERHISTORY(#3,#4,.READWRITE.,.MODIFIED.,1788311653,#3,#4,1788311653);
#5477=IFCFURNISHINGELEMENT('1A82nKncT4hP7TgAfIthwu',#5476,'Desk_L3_-12000.0_-2000.0',$,$,#5487,#187,$);
#5483=IFCCARTESIANPOINT((-12000.,-2000.,349.99999999999966));
#5484=IFCDIRECTION((0.,0.,1.));
#5485=IFCDIRECTION((1.,0.,0.));
#5486=IFCAXIS2PLACEMENT3D(#5483,#5484,#5485);
#5487=IFCLOCALPLACEMENT(#79,#5486);
#5488=IFCOWNERHISTORY(#3,#4,.READWRITE.,.MODIFIED.,1788311653,#3,#4,1788311653);
#5489=IFCFURNISHINGELEMENT('1vofWtb3T1oRbpY4IJANWl',#5488,'Chair_L3_-12000.0_-2000.0',$,$,#5499,#196,$);
#5495=IFCCARTESIANPOINT((-12000.,-1400.,349.99999999999966));
#5496=IFCDIRECTION((0.,0.,1.));
#5497=IFCDIRECTION((1.,0.,0.));
#5498=IFCAXIS2PLACEMENT3D(#5495,#5496,#5497);
#5499=IFCLOCALPLACEMENT(#79,#5498);
#5500=IFCOWNERHISTORY(#3,#4,.READWRITE.,.MODIFIED.,1788311653,#3,#4,1788311653);
#5501=IFCFURNISHINGELEMENT('1_wMsaunv4nOdU2hbmHZe0',#5500,'Desk_L3_-12000.0_2000.0',$,$,#5511,#187,$);
#5507=IFCCARTESIANPOINT((-12000.,2000.,349.99999999999966));
#5508=IFCDIRECTION((0.,0.,1.));
#5509=IFCDIRECTION((1.,0.,0.));
#5510=IFCAXIS2PLACEMENT3D(#5507,#5508,#5509);
#5511=IFCLOCALPLACEMENT(#79,#5510);
#5512=IFCOWNERHISTORY(#3,#4,.READWRITE.,.MODIFIED.,1788311653,#3,#4,1788311653);
#5513=IFCFURNISHINGELEMENT('16MeYYTwLD7Qr5jUg5RmFu',#5512,'Chair_L3_-12000.0_2000.0',$,$,#5523,#196,$);
#5519=IFCCARTESIANPOINT((-12000.,2600.,349.99999999999966));
#5520=IFCDIRECTION((0.,0.,1.));
#5521=IFCDIRECTION((1.,0.,0.));
#5522=IFCAXIS2PLACEMENT3D(#5519,#5520,#5521);
#5523=IFCLOCALPLACEMENT(#79,#5522);
#5524=IFCOWNERHISTORY(#3,#4,.READWRITE.,.MODIFIED.,1788311653,#3,#4,1788311653);
#5525=IFCFURNISHINGELEMENT('2qJ8fvuZ973xWI$pShaFO7',#5524,'Desk_L3_-12000.0_6000.0',$,$,#5535,#187,$);
#5531=IFCCARTESIANPOINT((-12000.,6000.,349.99999999999966));
#5532=IFCDIRECTION((0.,0.,1.));
#5533=IFCDIRECTION((1.,0.,0.));
#5534=IFCAXIS2PLACEMENT3D(#5531,#5532,#5533);
#5535=IFCLOCALPLACEMENT(#79,#5534);
#5536=IFCOWNERHISTORY(#3,#4,.READWRITE.,.MODIFIED.,1788311653,#3,#4,1788311653);
#5537=IFCFURNISHINGELEMENT('3_kK95_Q1CZvhyLvGameC9',#5536,'Chair_L3_-12000.0_6000.0',$,$,#5547,#196,$);
#5543=IFCCARTESIANPOINT((-12000.,6600.,349.99999999999966));
#5544=IFCDIRECTION((0.,0.,1.));
#5545=IFCDIRECTION((1.,0.,0.));
#5546=IFCAXIS2PLACEMENT3D(#5543,#5544,#5545);
#5547=IFCLOCALPLACEMENT(#79,#5546);
#5548=IFCOWNERHISTORY(#3,#4,.READWRITE.,.MODIFIED.,1788311653,#3,#4,1788311653);
#5549=IFCFURNISHINGELEMENT('2ZsWzTy2vAIPUqOpmxH5Jz',#5548,'Desk_L3_-8000.0_-6000.0',$,$,#5559,#187,$);
#5555=IFCCARTESIANPOINT((-8000.,-6000.,349.99999999999966));
#5556=IFCDIRECTION((0.,0.,1.));
#5557=IFCDIRECTION((1.,0.,0.));
#5558=IFCAXIS2PLACEMENT3D(#5555,#5556,#5557);
#5559=IFCLOCALPLACEMENT(#79,#5558);
#5560=IFCOWNERHISTORY(#3,#4,.READWRITE.,.MODIFIED.,1788311653,#3,#4,1788311653);
#5561=IFCFURNISHINGELEMENT('24H$x0SqD31go4MUbH2Fpa',#5560,'Chair_L3_-8000.0_-6000.0',$,$,#5571,#196,$);
#5567=IFCCARTESIANPOINT((-8000.,-5400.,349.99999999999966));
#5568=IFCDIRECTION((0.,0.,1.));
#5569=IFCDIRECTION((1.,0.,0.));
#5570=IFCAXIS2PLACEMENT3D(#5567,#5568,#5569);
#5571=IFCLOCALPLACEMENT(#79,#5570);
#5572=IFCOWNERHISTORY(#3,#4,.READWRITE.,.MODIFIED.,1788311653,#3,#4,1788311653);
#5573=IFCFURNISHINGELEMENT('1k95T94Fb0N9$$E7FTD5$E',#5572,'Desk_L3_-8000.0_-2000.0',$,$,#5583,#187,$);
#5579=IFCCARTESIANPOINT((-8000.,-2000.,349.99999999999966));
#5580=IFCDIRECTION((0.,0.,1.));
#5581=IFCDIRECTION((1.,0.,0.));
#5582=IFCAXIS2PLACEMENT3D(#5579,#5580,#5581);
#5583=IFCLOCALPLACEMENT(#79,#5582);
#5584=IFCOWNERHISTORY(#3,#4,.READWRITE.,.MODIFIED.,1788311653,#3,#4,1788311653);
#5585=IFCFURNISHINGELEMENT('18Mtp$U9z3Yvv_NlU5rBZi',#5584,'Chair_L3_-8000.0_-2000.0',$,$,#5595,#196,$);
#5591=IFCCARTESIANPOINT((-8000.,-1400.,349.99999999999966));
#5592=IFCDIRECTION((0.,0.,1.));
#5593=IFCDIRECTION((1.,0.,0.));
#5594=IFCAXIS2PLACEMENT3D(#5591,#5592,#5593);
#5595=IFCLOCALPLACEMENT(#79,#5594);
#5596=IFCOWNERHISTORY(#3,#4,.READWRITE.,.MODIFIED.,1788311653,#3,#4,1788311653);
#5597=IFCFURNISHINGELEMENT('0odgHrhf5ABhwzygaRL6jc',#5596,'Desk_L3_-8000.0_2000.0',$,$,#5607,#187,$);
#5603=IFCCARTESIANPOINT((-8000.,2000.,349.99999999999966));
#5604=IFCDIRECTION((0.,0.,1.));
#5605=IFCDIRECTION((1.,0.,0.));
#5606=IFCAXIS2PLACEMENT3D(#5603,#5604,#5605);
#5607=IFCLOCALPLACEMENT(#79,#5606);
#5608=IFCOWNERHISTORY(#3,#4,.READWRITE.,.MODIFIED.,1788311653,#3,#4,1788311653);
#5609=IFCFURNISHINGELEMENT('29vbBzb$52bAqI6h5gd1pT',#5608,'Chair_L3_-8000.0_2000.0',$,$,#5619,#196,$);
#5615=IFCCARTESIANPOINT((-8000.,2600.,349.99999999999966));
#5616=IFCDIRECTION((0.,0.,1.));
#5617=IFCDIRECTION((1.,0.,0.));
#5618=IFCAXIS2PLACEMENT3D(#5615,#5616,#5617);
#5619=IFCLOCALPLACEMENT(#79,#5618);
#5620=IFCOWNERHISTORY(#3,#4,.READWRITE.,.MODIFIED.,1788311653,#3,#4,1788311653);
#5621=IFCFURNISHINGELEMENT('3q0fTG8OD3FQqRBKzAxwYx',#5620,'Desk_L3_-8000.0_6000.0',$,$,#5631,#187,$);
#5627=IFCCARTESIANPOINT((-8000.,6000.,349.99999999999966));
#5628=IFCDIRECTION((0.,0.,1.));
#5629=IFCDIRECTION((1.,0.,0.));
#5630=IFCAXIS2PLACEMENT3D(#5627,#5628,#5629);
#5631=IFCLOCALPLACEMENT(#79,#5630);
#5632=IFCOWNERHISTORY(#3,#4,.READWRITE.,.MODIFIED.,1788311653,#3,#4,1788311653);
#5633=IFCFURNISHINGELEMENT('3pO3Gp8WH7Hhjz5xdCI8Kx',#5632,'Chair_L3_-8000.0_6000.0',$,$,#5643,#196,$);
#5639=IFCCARTESIANPOINT((-8000.,6600.,349.99999999999966));
#5640=IFCDIRECTION((0.,0.,1.));
#5641=IFCDIRECTION((1.,0.,0.));
#5642=IFCAXIS2PLACEMENT3D(#5639,#5640,#5641);
#5643=IFCLOCALPLACEMENT(#79,#5642);
#5644=IFCOWNERHISTORY(#3,#4,.READWRITE.,.MODIFIED.,1788311653,#3,#4,1788311653);
#5645=IFCFURNISHINGELEMENT('1sJN25zqTAKhUhW3gChyow',#5644,'Desk_L3_6000.0_-6000.0',$,$,#5655,#187,$);
#5651=IFCCARTESIANPOINT((6000.,-6000.,349.99999999999966));
#5652=IFCDIRECTION((0.,0.,1.));
#5653=IFCDIRECTION((1.,0.,0.));
#5654=IFCAXIS2PLACEMENT3D(#5651,#5652,#5653);
#5655=IFCLOCALPLACEMENT(#79,#5654);
#5656=IFCOWNERHISTORY(#3,#4,.READWRITE.,.MODIFIED.,1788311653,#3,#4,1788311653);
#5657=IFCFURNISHINGELEMENT('3bGLLyi1j9sRHXnoPJaOWa',#5656,'Chair_L3_6000.0_-6000.0',$,$,#5667,#196,$);
#5663=IFCCARTESIANPOINT((6000.,-5400.,349.99999999999966));
#5664=IFCDIRECTION((0.,0.,1.));
#5665=IFCDIRECTION((1.,0.,0.));
#5666=IFCAXIS2PLACEMENT3D(#5663,#5664,#5665);
#5667=IFCLOCALPLACEMENT(#79,#5666);
#5668=IFCOWNERHISTORY(#3,#4,.READWRITE.,.MODIFIED.,1788311653,#3,#4,1788311653);
#5669=IFCFURNISHINGELEMENT('2KPays31v9CwQKHUhlf5$x',#5668,'Desk_L3_6000.0_-2000.0',$,$,#5679,#187,$);
#5675=IFCCARTESIANPOINT((6000.,-2000.,349.99999999999966));
#5676=IFCDIRECTION((0.,0.,1.));
#5677=IFCDIRECTION((1.,0.,0.));
#5678=IFCAXIS2PLACEMENT3D(#5675,#5676,#5677);
#5679=IFCLOCALPLACEMENT(#79,#5678);
#5680=IFCOWNERHISTORY(#3,#4,.READWRITE.,.MODIFIED.,1788311653,#3,#4,1788311653);
#5681=IFCFURNISHINGELEMENT('25Nup4vbH1lfY3sTucdSr1',#5680,'Chair_L3_6000.0_-2000.0',$,$,#5691,#196,$);
#5687=IFCCARTESIANPOINT((6000.,-1400.,349.99999999999966));
#5688=IFCDIRECTION((0.,0.,1.));
#5689=IFCDIRECTION((1.,0.,0.));
#5690=IFCAXIS2PLACEMENT3D(#5687,#5688,#5689);
#5691=IFCLOCALPLACEMENT(#79,#5690);
#5692=IFCOWNERHISTORY(#3,#4,.READWRITE.,.MODIFIED.,1788311653,#3,#4,1788311653);
#5693=IFCFURNISHINGELEMENT('1ZkcfUdrTFGRRE7Zf3i68f',#5692,'Desk_L3_6000.0_2000.0',$,$,#5703,#187,$);
#5699=IFCCARTESIANPOINT((6000.,2000.,349.99999999999966));
#5700=IFCDIRECTION((0.,0.,1.));
#5701=IFCDIRECTION((1.,0.,0.));
#5702=IFCAXIS2PLACEMENT3D(#5699,#5700,#5701);
#5703=IFCLOCALPLACEMENT(#79,#5702);
#5704=IFCOWNERHISTORY(#3,#4,.READWRITE.,.MODIFIED.,1788311653,#3,#4,1788311653);
#5705=IFCFURNISHINGELEMENT('0O00503vP2nuEmDiIakmkh',#5704,'Chair_L3_6000.0_2000.0',$,$,#5715,#196,$);
#5711=IFCCARTESIANPOINT((6000.,2600.,349.99999999999966));
#5712=IFCDIRECTION((0.,0.,1.));
#5713=IFCDIRECTION((1.,0.,0.));
#5714=IFCAXIS2PLACEMENT3D(#5711,#5712,#5713);
#5715=IFCLOCALPLACEMENT(#79,#5714);
#5716=IFCOWNERHISTORY(#3,#4,.READWRITE.,.MODIFIED.,1788311653,#3,#4,1788311653);
#5717=IFCFURNISHINGELEMENT('2ihWke5pz918PSaAURD5iE',#5716,'Desk_L3_6000.0_6000.0',$,$,#5727,#187,$);
#5723=IFCCARTESIANPOINT((6000.,6000.,349.99999999999966));
#5724=IFCDIRECTION((0.,0.,1.));
#5725=IFCDIRECTION((1.,0.,0.));
#5726=IFCAXIS2PLACEMENT3D(#5723,#5724,#5725);
#5727=IFCLOCALPLACEMENT(#79,#5726);
#5728=IFCOWNERHISTORY(#3,#4,.READWRITE.,.MODIFIED.,1788311653,#3,#4,1788311653);
#5729=IFCFURNISHINGELEMENT('0Qw43wwo9FVepU_oEE6Cm3',#5728,'Chair_L3_6000.0_6000.0',$,$,#5739,#196,$);
#5735=IFCCARTESIANPOINT((6000.,6600.,349.99999999999966));
#5736=IFCDIRECTION((0.,0.,1.));
#5737=IFCDIRECTION((1.,0.,0.));
#5738=IFCAXIS2PLACEMENT3D(#5735,#5736,#5737);
#5739=IFCLOCALPLACEMENT(#79,#5738);
#5740=IFCOWNERHISTORY(#3,#4,.READWRITE.,.MODIFIED.,1788311653,#3,#4,1788311653);
#5741=IFCFURNISHINGELEMENT('1i52DklDr9zfTBw$yWAWV6',#5740,'Desk_L3_10000.0_-6000.0',$,$,#5751,#187,$);
#5747=IFCCARTESIANPOINT((10000.,-6000.,349.99999999999966));
#5748=IFCDIRECTION((0.,0.,1.));
#5749=IFCDIRECTION((1.,0.,0.));
#5750=IFCAXIS2PLACEMENT3D(#5747,#5748,#5749);
#5751=IFCLOCALPLACEMENT(#79,#5750);
#5752=IFCOWNERHISTORY(#3,#4,.READWRITE.,.MODIFIED.,1788311653,#3,#4,1788311653);
#5753=IFCFURNISHINGELEMENT('1gC5VWGq9EjwrgqfFlWHj5',#5752,'Chair_L3_10000.0_-6000.0',$,$,#5763,#196,$);
#5759=IFCCARTESIANPOINT((10000.,-5400.,349.99999999999966));
#5760=IFCDIRECTION((0.,0.,1.));
#5761=IFCDIRECTION((1.,0.,0.));
#5762=IFCAXIS2PLACEMENT3D(#5759,#5760,#5761);
#5763=IFCLOCALPLACEMENT(#79,#5762);
#5764=IFCOWNERHISTORY(#3,#4,.READWRITE.,.MODIFIED.,1788311653,#3,#4,1788311653);
#5765=IFCFURNISHINGELEMENT('0STQc0t3zAhByHQX1Ty_6v',#5764,'Desk_L3_10000.0_-2000.0',$,$,#5775,#187,$);
#5771=IFCCARTESIANPOINT((10000.,-2000.,349.99999999999966));
#5772=IFCDIRECTION((0.,0.,1.));
#5773=IFCDIRECTION((1.,0.,0.));
#5774=IFCAXIS2PLACEMENT3D(#5771,#5772,#5773);
#5775=IFCLOCALPLACEMENT(#79,#5774);
#5776=IFCOWNERHISTORY(#3,#4,.READWRITE.,.MODIFIED.,1788311653,#3,#4,1788311653);
#5777=IFCFURNISHINGELEMENT('2EEZvXPxz538L2qIp9lknP',#5776,'Chair_L3_10000.0_-2000.0',$,$,#5787,#196,$);
#5783=IFCCARTESIANPOINT((10000.,-1400.,349.99999999999966));
#5784=IFCDIRECTION((0.,0.,1.));
#5785=IFCDIRECTION((1.,0.,0.));
#5786=IFCAXIS2PLACEMENT3D(#5783,#5784,#5785);
#5787=IFCLOCALPLACEMENT(#79,#5786);
#5788=IFCOWNERHISTORY(#3,#4,.READWRITE.,.MODIFIED.,1788311653,#3,#4,1788311653);
#5789=IFCFURNISHINGELEMENT('2q2eBHSLz3duCpdoXnLM4j',#5788,'Desk_L3_10000.0_2000.0',$,$,#5799,#187,$);
#5795=IFCCARTESIANPOINT((10000.,2000.,349.99999999999966));
#5796=IFCDIRECTION((0.,0.,1.));
#5797=IFCDIRECTION((1.,0.,0.));
#5798=IFCAXIS2PLACEMENT3D(#5795,#5796,#5797);
#5799=IFCLOCALPLACEMENT(#79,#5798);
#5800=IFCOWNERHISTORY(#3,#4,.READWRITE.,.MODIFIED.,1788311653,#3,#4,1788311653);
#5801=IFCFURNISHINGELEMENT('2BFp5aWz50twvF$R8kUwf6',#5800,'Chair_L3_10000.0_2000.0',$,$,#5811,#196,$);
#5807=IFCCARTESIANPOINT((10000.,2600.,349.99999999999966));
#5808=IFCDIRECTION((0.,0.,1.));
#5809=IFCDIRECTION((1.,0.,0.));
#5810=IFCAXIS2PLACEMENT3D(#5807,#5808,#5809);
#5811=IFCLOCALPLACEMENT(#79,#5810);
#5812=IFCOWNERHISTORY(#3,#4,.READWRITE.,.MODIFIED.,1788311653,#3,#4,1788311653);
#5813=IFCFURNISHINGELEMENT('37O0bVtWrFaQi2b1PnMnBn',#5812,'Desk_L3_10000.0_6000.0',$,$,#5823,#187,$);
#5819=IFCCARTESIANPOINT((10000.,6000.,349.99999999999966));
#5820=IFCDIRECTION((0.,0.,1.));
#5821=IFCDIRECTION((1.,0.,0.));
#5822=IFCAXIS2PLACEMENT3D(#5819,#5820,#5821);
#5823=IFCLOCALPLACEMENT(#79,#5822);
#5824=IFCOWNERHISTORY(#3,#4,.READWRITE.,.MODIFIED.,1788311653,#3,#4,1788311653);
#5825=IFCFURNISHINGELEMENT('0NLVEx2kb6VBt0$AOIS19J',#5824,'Chair_L3_10000.0_6000.0',$,$,#5835,#196,$);
#5831=IFCCARTESIANPOINT((10000.,6600.,349.99999999999966));
#5832=IFCDIRECTION((0.,0.,1.));
#5833=IFCDIRECTION((1.,0.,0.));
#5834=IFCAXIS2PLACEMENT3D(#5831,#5832,#5833);
#5835=IFCLOCALPLACEMENT(#79,#5834);
#5836=IFCOWNERHISTORY(#3,#4,.READWRITE.,.MODIFIED.,1788311653,#3,#4,1788311653);
#5837=IFCFLOWSEGMENT('3ddan_TSj6xASnfYO0_q3w',#5836,'HVAC_Main_L3',$,$,#5847,#232,$);
#5843=IFCCARTESIANPOINT((0.,0.,2800.0000000000005));
#5844=IFCDIRECTION((0.,0.,1.));
#5845=IFCDIRECTION((1.,0.,0.));
#5846=IFCAXIS2PLACEMENT3D(#5843,#5844,#5845);
#5847=IFCLOCALPLACEMENT(#79,#5846);
#5848=IFCOWNERHISTORY(#3,#4,.READWRITE.,.MODIFIED.,1788311653,#3,#4,1788311653);
#5849=IFCFLOWSEGMENT('2LEHEHWkT3QQ44mPKBvGKT',#5848,'HVAC_Branch_L3_-10000.0',$,$,#5859,#241,$);
#5855=IFCCARTESIANPOINT((-10000.,0.,2800.0000000000005));
#5856=IFCDIRECTION((0.,0.,1.));
#5857=IFCDIRECTION((1.,0.,0.));
#5858=IFCAXIS2PLACEMENT3D(#5855,#5856,#5857);
#5859=IFCLOCALPLACEMENT(#79,#5858);
#5860=IFCOWNERHISTORY(#3,#4,.READWRITE.,.MODIFIED.,1788311653,#3,#4,1788311653);
#5861=IFCFLOWSEGMENT('2JO9_4zG9AmhiWqBHHd72b',#5860,'HVAC_Branch_L3_0.0',$,$,#5871,#241,$);
#5867=IFCCARTESIANPOINT((0.,0.,2800.0000000000005));
#5868=IFCDIRECTION((0.,0.,1.));
#5869=IFCDIRECTION((1.,0.,0.));
#5870=IFCAXIS2PLACEMENT3D(#5867,#5868,#5869);
#5871=IFCLOCALPLACEMENT(#79,#5870);
#5872=IFCOWNERHISTORY(#3,#4,.READWRITE.,.MODIFIED.,1788311653,#3,#4,1788311653);
#5873=IFCFLOWSEGMENT('2gRY2phB9DtgfqZgz4_Xe_',#5872,'HVAC_Branch_L3_10000.0',$,$,#5883,#241,$);
#5879=IFCCARTESIANPOINT((10000.,0.,2800.0000000000005));
#5880=IFCDIRECTION((0.,0.,1.));
#5881=IFCDIRECTION((1.,0.,0.));
#5882=IFCAXIS2PLACEMENT3D(#5879,#5880,#5881);
#5883=IFCLOCALPLACEMENT(#79,#5882);
#5884=IFCOWNERHISTORY(#3,#4,.READWRITE.,.MODIFIED.,1788311653,#3,#4,1788311653);
#5885=IFCFLOWSEGMENT('3x1yRy8YXFqhHoiBa7nX$C',#5884,'CableTray_L3',$,$,#5895,#250,$);
#5891=IFCCARTESIANPOINT((0.,-4000.,2599.9999999999995));
#5892=IFCDIRECTION((0.,0.,1.));
#5893=IFCDIRECTION((1.,0.,0.));
#5894=IFCAXIS2PLACEMENT3D(#5891,#5892,#5893);
#5895=IFCLOCALPLACEMENT(#79,#5894);
#5896=IFCOWNERHISTORY(#3,#4,.READWRITE.,.MODIFIED.,1788311653,#3,#4,1788311653);
#5897=IFCFLOWTERMINAL('0lNE9dJUTDhwEXX605HvwX',#5896,'LED_Troffer_L3_-12000.0_-6000.0',$,$,#5907,#268,$);
#5903=IFCCARTESIANPOINT((-12000.,-6000.,3000.));
#5904=IFCDIRECTION((0.,0.,1.));
#5905=IFCDIRECTION((1.,0.,0.));
#5906=IFCAXIS2PLACEMENT3D(#5903,#5904,#5905);
#5907=IFCLOCALPLACEMENT(#79,#5906);
#5908=IFCOWNERHISTORY(#3,#4,.READWRITE.,.MODIFIED.,1788311653,#3,#4,1788311653);
#5909=IFCFLOWTERMINAL('1nUs9tu7jEMBk38WsN_iPc',#5908,'LED_Troffer_L3_-12000.0_0.0',$,$,#5919,#268,$);
#5915=IFCCARTESIANPOINT((-12000.,0.,3000.));
#5916=IFCDIRECTION((0.,0.,1.));
#5917=IFCDIRECTION((1.,0.,0.));
#5918=IFCAXIS2PLACEMENT3D(#5915,#5916,#5917);
#5919=IFCLOCALPLACEMENT(#79,#5918);
#5920=IFCOWNERHISTORY(#3,#4,.READWRITE.,.MODIFIED.,1788311653,#3,#4,1788311653);
#5921=IFCFLOWTERMINAL('0Wv8MSkx18P83i8iJ2vsSQ',#5920,'LED_Troffer_L3_-12000.0_6000.0',$,$,#5931,#268,$);
#5927=IFCCARTESIANPOINT((-12000.,6000.,3000.));
#5928=IFCDIRECTION((0.,0.,1.));
#5929=IFCDIRECTION((1.,0.,0.));
#5930=IFCAXIS2PLACEMENT3D(#5927,#5928,#5929);
#5931=IFCLOCALPLACEMENT(#79,#5930);
#5932=IFCOWNERHISTORY(#3,#4,.READWRITE.,.MODIFIED.,1788311653,#3,#4,1788311653);
#5933=IFCFLOWTERMINAL('1CjM0_mOX1qvRNz6inQo_H',#5932,'LED_Troffer_L3_-6000.0_-6000.0',$,$,#5943,#268,$);
#5939=IFCCARTESIANPOINT((-6000.,-6000.,3000.));
#5940=IFCDIRECTION((0.,0.,1.));
#5941=IFCDIRECTION((1.,0.,0.));
#5942=IFCAXIS2PLACEMENT3D(#5939,#5940,#5941);
#5943=IFCLOCALPLACEMENT(#79,#5942);
#5944=IFCOWNERHISTORY(#3,#4,.READWRITE.,.MODIFIED.,1788311653,#3,#4,1788311653);
#5945=IFCFLOWTERMINAL('2SHsl3t7137hxrllDBb7V2',#5944,'LED_Troffer_L3_-6000.0_0.0',$,$,#5955,#268,$);
#5951=IFCCARTESIANPOINT((-6000.,0.,3000.));
#5952=IFCDIRECTION((0.,0.,1.));
#5953=IFCDIRECTION((1.,0.,0.));
#5954=IFCAXIS2PLACEMENT3D(#5951,#5952,#5953);
#5955=IFCLOCALPLACEMENT(#79,#5954);
#5956=IFCOWNERHISTORY(#3,#4,.READWRITE.,.MODIFIED.,1788311653,#3,#4,1788311653);
#5957=IFCFLOWTERMINAL('399I3ggcD5iQvq1HP_WEHS',#5956,'LED_Troffer_L3_-6000.0_6000.0',$,$,#5967,#268,$);
#5963=IFCCARTESIANPOINT((-6000.,6000.,3000.));
#5964=IFCDIRECTION((0.,0.,1.));
#5965=IFCDIRECTION((1.,0.,0.));
#5966=IFCAXIS2PLACEMENT3D(#5963,#5964,#5965);
#5967=IFCLOCALPLACEMENT(#79,#5966);
#5968=IFCOWNERHISTORY(#3,#4,.READWRITE.,.MODIFIED.,1788311653,#3,#4,1788311653);
#5969=IFCFLOWTERMINAL('1WQ9SKhEn7LhY0aXFrQZcx',#5968,'LED_Troffer_L3_0.0_-6000.0',$,$,#5979,#268,$);
#5975=IFCCARTESIANPOINT((0.,-6000.,3000.));
#5976=IFCDIRECTION((0.,0.,1.));
#5977=IFCDIRECTION((1.,0.,0.));
#5978=IFCAXIS2PLACEMENT3D(#5975,#5976,#5977);
#5979=IFCLOCALPLACEMENT(#79,#5978);
#5980=IFCOWNERHISTORY(#3,#4,.READWRITE.,.MODIFIED.,1788311653,#3,#4,1788311653);
#5981=IFCFLOWTERMINAL('1DmB3x2Z5FWfzhiEeVPId4',#5980,'LED_Troffer_L3_0.0_0.0',$,$,#5991,#268,$);
#5987=IFCCARTESIANPOINT((0.,0.,3000.));
#5988=IFCDIRECTION((0.,0.,1.));
#5989=IFCDIRECTION((1.,0.,0.));
#5990=IFCAXIS2PLACEMENT3D(#5987,#5988,#5989);
#5991=IFCLOCALPLACEMENT(#79,#5990);
#5992=IFCOWNERHISTORY(#3,#4,.READWRITE.,.MODIFIED.,1788311653,#3,#4,1788311653);
#5993=IFCFLOWTERMINAL('1MZjIt4r1BrfQjwbm6Jzln',#5992,'LED_Troffer_L3_0.0_6000.0',$,$,#6003,#268,$);
#5999=IFCCARTESIANPOINT((0.,6000.,3000.));
#6000=IFCDIRECTION((0.,0.,1.));
#6001=IFCDIRECTION((1.,0.,0.));
#6002=IFCAXIS2PLACEMENT3D(#5999,#6000,#6001);
#6003=IFCLOCALPLACEMENT(#79,#6002);
#6004=IFCOWNERHISTORY(#3,#4,.READWRITE.,.MODIFIED.,1788311653,#3,#4,1788311653);
#6005=IFCFLOWTERMINAL('0enVO8Wo923OrqfZ7dFloO',#6004,'LED_Troffer_L3_6000.0_-6000.0',$,$,#6015,#268,$);
#6011=IFCCARTESIANPOINT((6000.,-6000.,3000.));
#6012=IFCDIRECTION((0.,0.,1.));
#6013=IFCDIRECTION((1.,0.,0.));
#6014=IFCAXIS2PLACEMENT3D(#6011,#6012,#6013);
#6015=IFCLOCALPLACEMENT(#79,#6014);
#6016=IFCOWNERHISTORY(#3,#4,.READWRITE.,.MODIFIED.,1788311653,#3,#4,1788311653);
#6017=IFCFLOWTERMINAL('2PtTBV79rDbvOpZYA5sjw2',#6016,'LED_Troffer_L3_6000.0_0.0',$,$,#6027,#268,$);
#6023=IFCCARTESIANPOINT((6000.,0.,3000.));
#6024=IFCDIRECTION((0.,0.,1.));
#6025=IFCDIRECTION((1.,0.,0.));
#6026=IFCAXIS2PLACEMENT3D(#6023,#6024,#6025);
#6027=IFCLOCALPLACEMENT(#79,#6026);
#6028=IFCOWNERHISTORY(#3,#4,.READWRITE.,.MODIFIED.,1788311653,#3,#4,1788311653);
#6029=IFCFLOWTERMINAL('36$Obrxtb30OC7JwltNHS4',#6028,'LED_Troffer_L3_6000.0_6000.0',$,$,#6039,#268,$);
#6035=IFCCARTESIANPOINT((6000.,6000.,3000.));
#6036=IFCDIRECTION((0.,0.,1.));
#6037=IFCDIRECTION((1.,0.,0.));
#6038=IFCAXIS2PLACEMENT3D(#6035,#6036,#6037);
#6039=IFCLOCALPLACEMENT(#79,#6038);
#6040=IFCOWNERHISTORY(#3,#4,.READWRITE.,.MODIFIED.,1788311653,#3,#4,1788311653);
#6041=IFCFLOWTERMINAL('31g$tCqxz498jVHGt6HBTx',#6040,'LED_Troffer_L3_12000.0_-6000.0',$,$,#6051,#268,$);
#6047=IFCCARTESIANPOINT((12000.,-6000.,3000.));
#6048=IFCDIRECTION((0.,0.,1.));
#6049=IFCDIRECTION((1.,0.,0.));
#6050=IFCAXIS2PLACEMENT3D(#6047,#6048,#6049);
#6051=IFCLOCALPLACEMENT(#79,#6050);
#6052=IFCOWNERHISTORY(#3,#4,.READWRITE.,.MODIFIED.,1788311653,#3,#4,1788311653);
#6053=IFCFLOWTERMINAL('2UhmG23n181xBELTrpyFuQ',#6052,'LED_Troffer_L3_12000.0_0.0',$,$,#6063,#268,$);
#6059=IFCCARTESIANPOINT((12000.,0.,3000.));
#6060=IFCDIRECTION((0.,0.,1.));
#6061=IFCDIRECTION((1.,0.,0.));
#6062=IFCAXIS2PLACEMENT3D(#6059,#6060,#6061);
#6063=IFCLOCALPLACEMENT(#79,#6062);
#6064=IFCOWNERHISTORY(#3,#4,.READWRITE.,.MODIFIED.,1788311653,#3,#4,1788311653);
#6065=IFCFLOWTERMINAL('3z77tuYXj8ehyZW6lIpkeV',#6064,'LED_Troffer_L3_12000.0_6000.0',$,$,#6075,#268,$);
#6071=IFCCARTESIANPOINT((12000.,6000.,3000.));
#6072=IFCDIRECTION((0.,0.,1.));
#6073=IFCDIRECTION((1.,0.,0.));
#6074=IFCAXIS2PLACEMENT3D(#6071,#6072,#6073);
#6075=IFCLOCALPLACEMENT(#79,#6074);
#6076=IFCOWNERHISTORY(#3,#4,.READWRITE.,.MODIFIED.,1788311653,#3,#4,1788311653);
#6077=IFCWALL('2gPisVv3v0AgV_O4IeiOVb',#6076,'Comms_Wall_A_L4',$,$,#6087,#160,$);
#6083=IFCCARTESIANPOINT((-9000.,-9000.,349.99999999999966));
#6084=IFCDIRECTION((0.,0.,1.));
#6085=IFCDIRECTION((1.,0.,0.));
#6086=IFCAXIS2PLACEMENT3D(#6083,#6084,#6085);
#6087=IFCLOCALPLACEMENT(#91,#6086);
#6088=IFCOWNERHISTORY(#3,#4,.READWRITE.,.MODIFIED.,1788311653,#3,#4,1788311653);
#6089=IFCWALL('0fuUKpA3n9rhD7jgCX5$zj',#6088,'Comms_Wall_B_L4',$,$,#6099,#169,$);
#6095=IFCCARTESIANPOINT((-5000.,-6000.,349.99999999999966));
#6096=IFCDIRECTION((0.,0.,1.));
#6097=IFCDIRECTION((1.,0.,0.));
#6098=IFCAXIS2PLACEMENT3D(#6095,#6096,#6097);
#6099=IFCLOCALPLACEMENT(#91,#6098);
#6100=IFCOWNERHISTORY(#3,#4,.READWRITE.,.MODIFIED.,1788311653,#3,#4,1788311653);
#6101=IFCWALL('0gyw7Z1rz3Ch8NjPT9BmIj',#6100,'Boardroom_Wall_L4',$,$,#6111,#178,$);
#6107=IFCCARTESIANPOINT((8000.,6000.,349.99999999999966));
#6108=IFCDIRECTION((0.,0.,1.));
#6109=IFCDIRECTION((1.,0.,0.));
#6110=IFCAXIS2PLACEMENT3D(#6107,#6108,#6109);
#6111=IFCLOCALPLACEMENT(#91,#6110);
#6112=IFCOWNERHISTORY(#3,#4,.READWRITE.,.MODIFIED.,1788311653,#3,#4,1788311653);
#6113=IFCFURNISHINGELEMENT('1bR5JzgsL09R8xug028LnT',#6112,'Desk_L4_-12000.0_-6000.0',$,$,#6123,#187,$);
#6119=IFCCARTESIANPOINT((-12000.,-6000.,349.99999999999966));
#6120=IFCDIRECTION((0.,0.,1.));
#6121=IFCDIRECTION((1.,0.,0.));
#6122=IFCAXIS2PLACEMENT3D(#6119,#6120,#6121);
#6123=IFCLOCALPLACEMENT(#91,#6122);
#6124=IFCOWNERHISTORY(#3,#4,.READWRITE.,.MODIFIED.,1788311653,#3,#4,1788311653);
#6125=IFCFURNISHINGELEMENT('1g4Y5Kcjn2PPnix3R0TeqY',#6124,'Chair_L4_-12000.0_-6000.0',$,$,#6135,#196,$);
#6131=IFCCARTESIANPOINT((-12000.,-5400.,349.99999999999966));
#6132=IFCDIRECTION((0.,0.,1.));
#6133=IFCDIRECTION((1.,0.,0.));
#6134=IFCAXIS2PLACEMENT3D(#6131,#6132,#6133);
#6135=IFCLOCALPLACEMENT(#91,#6134);
#6136=IFCOWNERHISTORY(#3,#4,.READWRITE.,.MODIFIED.,1788311653,#3,#4,1788311653);
#6137=IFCFURNISHINGELEMENT('0ComE9LRD3kOez$EbpTj0z',#6136,'Desk_L4_-12000.0_-2000.0',$,$,#6147,#187,$);
#6143=IFCCARTESIANPOINT((-12000.,-2000.,349.99999999999966));
#6144=IFCDIRECTION((0.,0.,1.));
#6145=IFCDIRECTION((1.,0.,0.));
#6146=IFCAXIS2PLACEMENT3D(#6143,#6144,#6145);
#6147=IFCLOCALPLACEMENT(#91,#6146);
#6148=IFCOWNERHISTORY(#3,#4,.READWRITE.,.MODIFIED.,1788311653,#3,#4,1788311653);
#6149=IFCFURNISHINGELEMENT('3AdOLkl316ggQcr2cQagsb',#6148,'Chair_L4_-12000.0_-2000.0',$,$,#6159,#196,$);
#6155=IFCCARTESIANPOINT((-12000.,-1400.,349.99999999999966));
#6156=IFCDIRECTION((0.,0.,1.));
#6157=IFCDIRECTION((1.,0.,0.));
#6158=IFCAXIS2PLACEMENT3D(#6155,#6156,#6157);
#6159=IFCLOCALPLACEMENT(#91,#6158);
#6160=IFCOWNERHISTORY(#3,#4,.READWRITE.,.MODIFIED.,1788311653,#3,#4,1788311653);
#6161=IFCFURNISHINGELEMENT('2d$WlShiz6WB4L9Iw6ZEOC',#6160,'Desk_L4_-12000.0_2000.0',$,$,#6171,#187,$);
#6167=IFCCARTESIANPOINT((-12000.,2000.,349.99999999999966));
#6168=IFCDIRECTION((0.,0.,1.));
#6169=IFCDIRECTION((1.,0.,0.));
#6170=IFCAXIS2PLACEMENT3D(#6167,#6168,#6169);
#6171=IFCLOCALPLACEMENT(#91,#6170);
#6172=IFCOWNERHISTORY(#3,#4,.READWRITE.,.MODIFIED.,1788311653,#3,#4,1788311653);
#6173=IFCFURNISHINGELEMENT('0MWX$rmD94zvp9lYpXEgnD',#6172,'Chair_L4_-12000.0_2000.0',$,$,#6183,#196,$);
#6179=IFCCARTESIANPOINT((-12000.,2600.,349.99999999999966));
#6180=IFCDIRECTION((0.,0.,1.));
#6181=IFCDIRECTION((1.,0.,0.));
#6182=IFCAXIS2PLACEMENT3D(#6179,#6180,#6181);
#6183=IFCLOCALPLACEMENT(#91,#6182);
#6184=IFCOWNERHISTORY(#3,#4,.READWRITE.,.MODIFIED.,1788311653,#3,#4,1788311653);
#6185=IFCFURNISHINGELEMENT('1BK9q7ivnAVe0FuL$eueWI',#6184,'Desk_L4_-12000.0_6000.0',$,$,#6195,#187,$);
#6191=IFCCARTESIANPOINT((-12000.,6000.,349.99999999999966));
#6192=IFCDIRECTION((0.,0.,1.));
#6193=IFCDIRECTION((1.,0.,0.));
#6194=IFCAXIS2PLACEMENT3D(#6191,#6192,#6193);
#6195=IFCLOCALPLACEMENT(#91,#6194);
#6196=IFCOWNERHISTORY(#3,#4,.READWRITE.,.MODIFIED.,1788311653,#3,#4,1788311653);
#6197=IFCFURNISHINGELEMENT('38J6kTUgjEYQRmZeeYhepb',#6196,'Chair_L4_-12000.0_6000.0',$,$,#6207,#196,$);
#6203=IFCCARTESIANPOINT((-12000.,6600.,349.99999999999966));
#6204=IFCDIRECTION((0.,0.,1.));
#6205=IFCDIRECTION((1.,0.,0.));
#6206=IFCAXIS2PLACEMENT3D(#6203,#6204,#6205);
#6207=IFCLOCALPLACEMENT(#91,#6206);
#6208=IFCOWNERHISTORY(#3,#4,.READWRITE.,.MODIFIED.,1788311653,#3,#4,1788311653);
#6209=IFCFURNISHINGELEMENT('0F9Qgo85vFK93Fqa8_9V6I',#6208,'Desk_L4_-8000.0_-6000.0',$,$,#6219,#187,$);
#6215=IFCCARTESIANPOINT((-8000.,-6000.,349.99999999999966));
#6216=IFCDIRECTION((0.,0.,1.));
#6217=IFCDIRECTION((1.,0.,0.));
#6218=IFCAXIS2PLACEMENT3D(#6215,#6216,#6217);
#6219=IFCLOCALPLACEMENT(#91,#6218);
#6220=IFCOWNERHISTORY(#3,#4,.READWRITE.,.MODIFIED.,1788311653,#3,#4,1788311653);
#6221=IFCFURNISHINGELEMENT('13dlgHA_vFJOLrZIy8F9RD',#6220,'Chair_L4_-8000.0_-6000.0',$,$,#6231,#196,$);
#6227=IFCCARTESIANPOINT((-8000.,-5400.,349.99999999999966));
#6228=IFCDIRECTION((0.,0.,1.));
#6229=IFCDIRECTION((1.,0.,0.));
#6230=IFCAXIS2PLACEMENT3D(#6227,#6228,#6229);
#6231=IFCLOCALPLACEMENT(#91,#6230);
#6232=IFCOWNERHISTORY(#3,#4,.READWRITE.,.MODIFIED.,1788311653,#3,#4,1788311653);
#6233=IFCFURNISHINGELEMENT('3TwjxmKqbA8AbtFzjQYPYW',#6232,'Desk_L4_-8000.0_-2000.0',$,$,#6243,#187,$);
#6239=IFCCARTESIANPOINT((-8000.,-2000.,349.99999999999966));
#6240=IFCDIRECTION((0.,0.,1.));
#6241=IFCDIRECTION((1.,0.,0.));
#6242=IFCAXIS2PLACEMENT3D(#6239,#6240,#6241);
#6243=IFCLOCALPLACEMENT(#91,#6242);
#6244=IFCOWNERHISTORY(#3,#4,.READWRITE.,.MODIFIED.,1788311653,#3,#4,1788311653);
#6245=IFCFURNISHINGELEMENT('1RCdjnEbXDphdqfRtYDXKS',#6244,'Chair_L4_-8000.0_-2000.0',$,$,#6255,#196,$);
#6251=IFCCARTESIANPOINT((-8000.,-1400.,349.99999999999966));
#6252=IFCDIRECTION((0.,0.,1.));
#6253=IFCDIRECTION((1.,0.,0.));
#6254=IFCAXIS2PLACEMENT3D(#6251,#6252,#6253);
#6255=IFCLOCALPLACEMENT(#91,#6254);
#6256=IFCOWNERHISTORY(#3,#4,.READWRITE.,.MODIFIED.,1788311653,#3,#4,1788311653);
#6257=IFCFURNISHINGELEMENT('2Zxm0I6WH8ffyW2nawdEfF',#6256,'Desk_L4_-8000.0_2000.0',$,$,#6267,#187,$);
#6263=IFCCARTESIANPOINT((-8000.,2000.,349.99999999999966));
#6264=IFCDIRECTION((0.,0.,1.));
#6265=IFCDIRECTION((1.,0.,0.));
#6266=IFCAXIS2PLACEMENT3D(#6263,#6264,#6265);
#6267=IFCLOCALPLACEMENT(#91,#6266);
#6268=IFCOWNERHISTORY(#3,#4,.READWRITE.,.MODIFIED.,1788311653,#3,#4,1788311653);
#6269=IFCFURNISHINGELEMENT('2$yHY$MVL0xhRF$E8RpKIP',#6268,'Chair_L4_-8000.0_2000.0',$,$,#6279,#196,$);
#6275=IFCCARTESIANPOINT((-8000.,2600.,349.99999999999966));
#6276=IFCDIRECTION((0.,0.,1.));
#6277=IFCDIRECTION((1.,0.,0.));
#6278=IFCAXIS2PLACEMENT3D(#6275,#6276,#6277);
#6279=IFCLOCALPLACEMENT(#91,#6278);
#6280=IFCOWNERHISTORY(#3,#4,.READWRITE.,.MODIFIED.,1788311653,#3,#4,1788311653);
#6281=IFCFURNISHINGELEMENT('2ocmJ41xbBXe1$epbvO9V_',#6280,'Desk_L4_-8000.0_6000.0',$,$,#6291,#187,$);
#6287=IFCCARTESIANPOINT((-8000.,6000.,349.99999999999966));
#6288=IFCDIRECTION((0.,0.,1.));
#6289=IFCDIRECTION((1.,0.,0.));
#6290=IFCAXIS2PLACEMENT3D(#6287,#6288,#6289);
#6291=IFCLOCALPLACEMENT(#91,#6290);
#6292=IFCOWNERHISTORY(#3,#4,.READWRITE.,.MODIFIED.,1788311653,#3,#4,1788311653);
#6293=IFCFURNISHINGELEMENT('0oxtwSyarFgBEFFTWJijE3',#6292,'Chair_L4_-8000.0_6000.0',$,$,#6303,#196,$);
#6299=IFCCARTESIANPOINT((-8000.,6600.,349.99999999999966));
#6300=IFCDIRECTION((0.,0.,1.));
#6301=IFCDIRECTION((1.,0.,0.));
#6302=IFCAXIS2PLACEMENT3D(#6299,#6300,#6301);
#6303=IFCLOCALPLACEMENT(#91,#6302);
#6304=IFCOWNERHISTORY(#3,#4,.READWRITE.,.MODIFIED.,1788311653,#3,#4,1788311653);
#6305=IFCFURNISHINGELEMENT('3kS4z9PkT2_R0gvBvCCzPc',#6304,'Desk_L4_6000.0_-6000.0',$,$,#6315,#187,$);
#6311=IFCCARTESIANPOINT((6000.,-6000.,349.99999999999966));
#6312=IFCDIRECTION((0.,0.,1.));
#6313=IFCDIRECTION((1.,0.,0.));
#6314=IFCAXIS2PLACEMENT3D(#6311,#6312,#6313);
#6315=IFCLOCALPLACEMENT(#91,#6314);
#6316=IFCOWNERHISTORY(#3,#4,.READWRITE.,.MODIFIED.,1788311653,#3,#4,1788311653);
#6317=IFCFURNISHINGELEMENT('3_pp_soiH2n88ctGPrTc1L',#6316,'Chair_L4_6000.0_-6000.0',$,$,#6327,#196,$);
#6323=IFCCARTESIANPOINT((6000.,-5400.,349.99999999999966));
#6324=IFCDIRECTION((0.,0.,1.));
#6325=IFCDIRECTION((1.,0.,0.));
#6326=IFCAXIS2PLACEMENT3D(#6323,#6324,#6325);
#6327=IFCLOCALPLACEMENT(#91,#6326);
#6328=IFCOWNERHISTORY(#3,#4,.READWRITE.,.MODIFIED.,1788311653,#3,#4,1788311653);
#6329=IFCFURNISHINGELEMENT('091qu7eJb5y8hFpOEiAv45',#6328,'Desk_L4_6000.0_-2000.0',$,$,#6339,#187,$);
#6335=IFCCARTESIANPOINT((6000.,-2000.,349.99999999999966));
#6336=IFCDIRECTION((0.,0.,1.));
#6337=IFCDIRECTION((1.,0.,0.));
#6338=IFCAXIS2PLACEMENT3D(#6335,#6336,#6337);
#6339=IFCLOCALPLACEMENT(#91,#6338);
#6340=IFCOWNERHISTORY(#3,#4,.READWRITE.,.MODIFIED.,1788311653,#3,#4,1788311653);
#6341=IFCFURNISHINGELEMENT('0KRfWc4v94HezgiAo7eSrJ',#6340,'Chair_L4_6000.0_-2000.0',$,$,#6351,#196,$);
#6347=IFCCARTESIANPOINT((6000.,-1400.,349.99999999999966));
#6348=IFCDIRECTION((0.,0.,1.));
#6349=IFCDIRECTION((1.,0.,0.));
#6350=IFCAXIS2PLACEMENT3D(#6347,#6348,#6349);
#6351=IFCLOCALPLACEMENT(#91,#6350);
#6352=IFCOWNERHISTORY(#3,#4,.READWRITE.,.MODIFIED.,1788311653,#3,#4,1788311653);
#6353=IFCFURNISHINGELEMENT('1WorSCc4n1rQKx12myEhwM',#6352,'Desk_L4_6000.0_2000.0',$,$,#6363,#187,$);
#6359=IFCCARTESIANPOINT((6000.,2000.,349.99999999999966));
#6360=IFCDIRECTION((0.,0.,1.));
#6361=IFCDIRECTION((1.,0.,0.));
#6362=IFCAXIS2PLACEMENT3D(#6359,#6360,#6361);
#6363=IFCLOCALPLACEMENT(#91,#6362);
#6364=IFCOWNERHISTORY(#3,#4,.READWRITE.,.MODIFIED.,1788311653,#3,#4,1788311653);
#6365=IFCFURNISHINGELEMENT('3_GDsbgn94U81BnNO5h_EU',#6364,'Chair_L4_6000.0_2000.0',$,$,#6375,#196,$);
#6371=IFCCARTESIANPOINT((6000.,2600.,349.99999999999966));
#6372=IFCDIRECTION((0.,0.,1.));
#6373=IFCDIRECTION((1.,0.,0.));
#6374=IFCAXIS2PLACEMENT3D(#6371,#6372,#6373);
#6375=IFCLOCALPLACEMENT(#91,#6374);
#6376=IFCOWNERHISTORY(#3,#4,.READWRITE.,.MODIFIED.,1788311653,#3,#4,1788311653);
#6377=IFCFURNISHINGELEMENT('1QaqDKv$1Bx9$K1ywFYUau',#6376,'Desk_L4_6000.0_6000.0',$,$,#6387,#187,$);
#6383=IFCCARTESIANPOINT((6000.,6000.,349.99999999999966));
#6384=IFCDIRECTION((0.,0.,1.));
#6385=IFCDIRECTION((1.,0.,0.));
#6386=IFCAXIS2PLACEMENT3D(#6383,#6384,#6385);
#6387=IFCLOCALPLACEMENT(#91,#6386);
#6388=IFCOWNERHISTORY(#3,#4,.READWRITE.,.MODIFIED.,1788311653,#3,#4,1788311653);
#6389=IFCFURNISHINGELEMENT('2bEfcGWyn74RagCjRexQXy',#6388,'Chair_L4_6000.0_6000.0',$,$,#6399,#196,$);
#6395=IFCCARTESIANPOINT((6000.,6600.,349.99999999999966));
#6396=IFCDIRECTION((0.,0.,1.));
#6397=IFCDIRECTION((1.,0.,0.));
#6398=IFCAXIS2PLACEMENT3D(#6395,#6396,#6397);
#6399=IFCLOCALPLACEMENT(#91,#6398);
#6400=IFCOWNERHISTORY(#3,#4,.READWRITE.,.MODIFIED.,1788311653,#3,#4,1788311653);
#6401=IFCFURNISHINGELEMENT('0ITistM015VvJx7nF3PmWy',#6400,'Desk_L4_10000.0_-6000.0',$,$,#6411,#187,$);
#6407=IFCCARTESIANPOINT((10000.,-6000.,349.99999999999966));
#6408=IFCDIRECTION((0.,0.,1.));
#6409=IFCDIRECTION((1.,0.,0.));
#6410=IFCAXIS2PLACEMENT3D(#6407,#6408,#6409);
#6411=IFCLOCALPLACEMENT(#91,#6410);
#6412=IFCOWNERHISTORY(#3,#4,.READWRITE.,.MODIFIED.,1788311654,#3,#4,1788311653);
#6413=IFCFURNISHINGELEMENT('02rUu4fUr9DhfNmfaQJlx_',#6412,'Chair_L4_10000.0_-6000.0',$,$,#6423,#196,$);
#6419=IFCCARTESIANPOINT((10000.,-5400.,349.99999999999966));
#6420=IFCDIRECTION((0.,0.,1.));
#6421=IFCDIRECTION((1.,0.,0.));
#6422=IFCAXIS2PLACEMENT3D(#6419,#6420,#6421);
#6423=IFCLOCALPLACEMENT(#91,#6422);
#6424=IFCOWNERHISTORY(#3,#4,.READWRITE.,.MODIFIED.,1788311654,#3,#4,1788311654);
#6425=IFCFURNISHINGELEMENT('1c3tU0FYL9v9i6rc3aBT22',#6424,'Desk_L4_10000.0_-2000.0',$,$,#6435,#187,$);
#6431=IFCCARTESIANPOINT((10000.,-2000.,349.99999999999966));
#6432=IFCDIRECTION((0.,0.,1.));
#6433=IFCDIRECTION((1.,0.,0.));
#6434=IFCAXIS2PLACEMENT3D(#6431,#6432,#6433);
#6435=IFCLOCALPLACEMENT(#91,#6434);
#6436=IFCOWNERHISTORY(#3,#4,.READWRITE.,.MODIFIED.,1788311654,#3,#4,1788311654);
#6437=IFCFURNISHINGELEMENT('16rBpbE21FsQY3VmszjuVL',#6436,'Chair_L4_10000.0_-2000.0',$,$,#6447,#196,$);
#6443=IFCCARTESIANPOINT((10000.,-1400.,349.99999999999966));
#6444=IFCDIRECTION((0.,0.,1.));
#6445=IFCDIRECTION((1.,0.,0.));
#6446=IFCAXIS2PLACEMENT3D(#6443,#6444,#6445);
#6447=IFCLOCALPLACEMENT(#91,#6446);
#6448=IFCOWNERHISTORY(#3,#4,.READWRITE.,.MODIFIED.,1788311654,#3,#4,1788311654);
#6449=IFCFURNISHINGELEMENT('211bwMbJr4UPvTk27mp0Oj',#6448,'Desk_L4_10000.0_2000.0',$,$,#6459,#187,$);
#6455=IFCCARTESIANPOINT((10000.,2000.,349.99999999999966));
#6456=IFCDIRECTION((0.,0.,1.));
#6457=IFCDIRECTION((1.,0.,0.));
#6458=IFCAXIS2PLACEMENT3D(#6455,#6456,#6457);
#6459=IFCLOCALPLACEMENT(#91,#6458);
#6460=IFCOWNERHISTORY(#3,#4,.READWRITE.,.MODIFIED.,1788311654,#3,#4,1788311654);
#6461=IFCFURNISHINGELEMENT('2oWylHspD3QRsi6HD2zuhJ',#6460,'Chair_L4_10000.0_2000.0',$,$,#6471,#196,$);
#6467=IFCCARTESIANPOINT((10000.,2600.,349.99999999999966));
#6468=IFCDIRECTION((0.,0.,1.));
#6469=IFCDIRECTION((1.,0.,0.));
#6470=IFCAXIS2PLACEMENT3D(#6467,#6468,#6469);
#6471=IFCLOCALPLACEMENT(#91,#6470);
#6472=IFCOWNERHISTORY(#3,#4,.READWRITE.,.MODIFIED.,1788311654,#3,#4,1788311654);
#6473=IFCFURNISHINGELEMENT('2TtzftmX14U8GU1qLeQz7w',#6472,'Desk_L4_10000.0_6000.0',$,$,#6483,#187,$);
#6479=IFCCARTESIANPOINT((10000.,6000.,349.99999999999966));
#6480=IFCDIRECTION((0.,0.,1.));
#6481=IFCDIRECTION((1.,0.,0.));
#6482=IFCAXIS2PLACEMENT3D(#6479,#6480,#6481);
#6483=IFCLOCALPLACEMENT(#91,#6482);
#6484=IFCOWNERHISTORY(#3,#4,.READWRITE.,.MODIFIED.,1788311654,#3,#4,1788311654);
#6485=IFCFURNISHINGELEMENT('1PnEf2ddz7hQ5vLeoUAMPo',#6484,'Chair_L4_10000.0_6000.0',$,$,#6495,#196,$);
#6491=IFCCARTESIANPOINT((10000.,6600.,349.99999999999966));
#6492=IFCDIRECTION((0.,0.,1.));
#6493=IFCDIRECTION((1.,0.,0.));
#6494=IFCAXIS2PLACEMENT3D(#6491,#6492,#6493);
#6495=IFCLOCALPLACEMENT(#91,#6494);
#6496=IFCOWNERHISTORY(#3,#4,.READWRITE.,.MODIFIED.,1788311654,#3,#4,1788311654);
#6497=IFCFLOWSEGMENT('1SA8yZ3xj4IRVTvbE6tStb',#6496,'HVAC_Main_L4',$,$,#6507,#232,$);
#6503=IFCCARTESIANPOINT((0.,0.,2799.9999999999991));
#6504=IFCDIRECTION((0.,0.,1.));
#6505=IFCDIRECTION((1.,0.,0.));
#6506=IFCAXIS2PLACEMENT3D(#6503,#6504,#6505);
#6507=IFCLOCALPLACEMENT(#91,#6506);
#6508=IFCOWNERHISTORY(#3,#4,.READWRITE.,.MODIFIED.,1788311654,#3,#4,1788311654);
#6509=IFCFLOWSEGMENT('2zjLOLEQPAzwzelkHSCR9K',#6508,'HVAC_Branch_L4_-10000.0',$,$,#6519,#241,$);
#6515=IFCCARTESIANPOINT((-10000.,0.,2799.9999999999991));
#6516=IFCDIRECTION((0.,0.,1.));
#6517=IFCDIRECTION((1.,0.,0.));
#6518=IFCAXIS2PLACEMENT3D(#6515,#6516,#6517);
#6519=IFCLOCALPLACEMENT(#91,#6518);
#6520=IFCOWNERHISTORY(#3,#4,.READWRITE.,.MODIFIED.,1788311654,#3,#4,1788311654);
#6521=IFCFLOWSEGMENT('1bOnrTwpb7KOm2VVBj6yFl',#6520,'HVAC_Branch_L4_0.0',$,$,#6531,#241,$);
#6527=IFCCARTESIANPOINT((0.,0.,2799.9999999999991));
#6528=IFCDIRECTION((0.,0.,1.));
#6529=IFCDIRECTION((1.,0.,0.));
#6530=IFCAXIS2PLACEMENT3D(#6527,#6528,#6529);
#6531=IFCLOCALPLACEMENT(#91,#6530);
#6532=IFCOWNERHISTORY(#3,#4,.READWRITE.,.MODIFIED.,1788311654,#3,#4,1788311654);
#6533=IFCFLOWSEGMENT('0ixDEQ0Ef8z99rxNos9t1$',#6532,'HVAC_Branch_L4_10000.0',$,$,#6543,#241,$);
#6539=IFCCARTESIANPOINT((10000.,0.,2799.9999999999991));
#6540=IFCDIRECTION((0.,0.,1.));
#6541=IFCDIRECTION((1.,0.,0.));
#6542=IFCAXIS2PLACEMENT3D(#6539,#6540,#6541);
#6543=IFCLOCALPLACEMENT(#91,#6542);
#6544=IFCOWNERHISTORY(#3,#4,.READWRITE.,.MODIFIED.,1788311654,#3,#4,1788311654);
#6545=IFCFLOWSEGMENT('1dAc15$5n6vu3uD_EY7wI8',#6544,'CableTray_L4',$,$,#6555,#250,$);
#6551=IFCCARTESIANPOINT((0.,-4000.,2599.9999999999995));
#6552=IFCDIRECTION((0.,0.,1.));
#6553=IFCDIRECTION((1.,0.,0.));
#6554=IFCAXIS2PLACEMENT3D(#6551,#6552,#6553);
#6555=IFCLOCALPLACEMENT(#91,#6554);
#6556=IFCOWNERHISTORY(#3,#4,.READWRITE.,.MODIFIED.,1788311654,#3,#4,1788311654);
#6557=IFCFLOWTERMINAL('3ThE75eGr31Q77QHi_NKyf',#6556,'LED_Troffer_L4_-12000.0_-6000.0',$,$,#6567,#268,$);
#6563=IFCCARTESIANPOINT((-12000.,-6000.,2999.9999999999982));
#6564=IFCDIRECTION((0.,0.,1.));
#6565=IFCDIRECTION((1.,0.,0.));
#6566=IFCAXIS2PLACEMENT3D(#6563,#6564,#6565);
#6567=IFCLOCALPLACEMENT(#91,#6566);
#6568=IFCOWNERHISTORY(#3,#4,.READWRITE.,.MODIFIED.,1788311654,#3,#4,1788311654);
#6569=IFCFLOWTERMINAL('1dsx6n3BPDg9_ppadW2cNI',#6568,'LED_Troffer_L4_-12000.0_0.0',$,$,#6579,#268,$);
#6575=IFCCARTESIANPOINT((-12000.,0.,2999.9999999999982));
#6576=IFCDIRECTION((0.,0.,1.));
#6577=IFCDIRECTION((1.,0.,0.));
#6578=IFCAXIS2PLACEMENT3D(#6575,#6576,#6577);
#6579=IFCLOCALPLACEMENT(#91,#6578);
#6580=IFCOWNERHISTORY(#3,#4,.READWRITE.,.MODIFIED.,1788311654,#3,#4,1788311654);
#6581=IFCFLOWTERMINAL('1GUyryTYH5gBTnKuHhiPIR',#6580,'LED_Troffer_L4_-12000.0_6000.0',$,$,#6591,#268,$);
#6587=IFCCARTESIANPOINT((-12000.,6000.,2999.9999999999982));
#6588=IFCDIRECTION((0.,0.,1.));
#6589=IFCDIRECTION((1.,0.,0.));
#6590=IFCAXIS2PLACEMENT3D(#6587,#6588,#6589);
#6591=IFCLOCALPLACEMENT(#91,#6590);
#6592=IFCOWNERHISTORY(#3,#4,.READWRITE.,.MODIFIED.,1788311654,#3,#4,1788311654);
#6593=IFCFLOWTERMINAL('2$Ktu97gPDP8Ik6pcFrdV6',#6592,'LED_Troffer_L4_-6000.0_-6000.0',$,$,#6603,#268,$);
#6599=IFCCARTESIANPOINT((-6000.,-6000.,2999.9999999999982));
#6600=IFCDIRECTION((0.,0.,1.));
#6601=IFCDIRECTION((1.,0.,0.));
#6602=IFCAXIS2PLACEMENT3D(#6599,#6600,#6601);
#6603=IFCLOCALPLACEMENT(#91,#6602);
#6604=IFCOWNERHISTORY(#3,#4,.READWRITE.,.MODIFIED.,1788311654,#3,#4,1788311654);
#6605=IFCFLOWTERMINAL('2M48OciFr6XA8TV8VyXhxP',#6604,'LED_Troffer_L4_-6000.0_0.0',$,$,#6615,#268,$);
#6611=IFCCARTESIANPOINT((-6000.,0.,2999.9999999999982));
#6612=IFCDIRECTION((0.,0.,1.));
#6613=IFCDIRECTION((1.,0.,0.));
#6614=IFCAXIS2PLACEMENT3D(#6611,#6612,#6613);
#6615=IFCLOCALPLACEMENT(#91,#6614);
#6616=IFCOWNERHISTORY(#3,#4,.READWRITE.,.MODIFIED.,1788311654,#3,#4,1788311654);
#6617=IFCFLOWTERMINAL('3NAtxjNu57NgSDTK99m5oI',#6616,'LED_Troffer_L4_-6000.0_6000.0',$,$,#6627,#268,$);
#6623=IFCCARTESIANPOINT((-6000.,6000.,2999.9999999999982));
#6624=IFCDIRECTION((0.,0.,1.));
#6625=IFCDIRECTION((1.,0.,0.));
#6626=IFCAXIS2PLACEMENT3D(#6623,#6624,#6625);
#6627=IFCLOCALPLACEMENT(#91,#6626);
#6628=IFCOWNERHISTORY(#3,#4,.READWRITE.,.MODIFIED.,1788311654,#3,#4,1788311654);
#6629=IFCFLOWTERMINAL('2a0N$gkNv80gZf1AwDP5i_',#6628,'LED_Troffer_L4_0.0_-6000.0',$,$,#6639,#268,$);
#6635=IFCCARTESIANPOINT((0.,-6000.,2999.9999999999982));
#6636=IFCDIRECTION((0.,0.,1.));
#6637=IFCDIRECTION((1.,0.,0.));
#6638=IFCAXIS2PLACEMENT3D(#6635,#6636,#6637);
#6639=IFCLOCALPLACEMENT(#91,#6638);
#6640=IFCOWNERHISTORY(#3,#4,.READWRITE.,.MODIFIED.,1788311654,#3,#4,1788311654);
#6641=IFCFLOWTERMINAL('1l8G_t9gv2mR4bPHOpPUcM',#6640,'LED_Troffer_L4_0.0_0.0',$,$,#6651,#268,$);
#6647=IFCCARTESIANPOINT((0.,0.,2999.9999999999982));
#6648=IFCDIRECTION((0.,0.,1.));
#6649=IFCDIRECTION((1.,0.,0.));
#6650=IFCAXIS2PLACEMENT3D(#6647,#6648,#6649);
#6651=IFCLOCALPLACEMENT(#91,#6650);
#6652=IFCOWNERHISTORY(#3,#4,.READWRITE.,.MODIFIED.,1788311654,#3,#4,1788311654);
#6653=IFCFLOWTERMINAL('27HKyXDJj7N9wzTlO83APP',#6652,'LED_Troffer_L4_0.0_6000.0',$,$,#6663,#268,$);
#6659=IFCCARTESIANPOINT((0.,6000.,2999.9999999999982));
#6660=IFCDIRECTION((0.,0.,1.));
#6661=IFCDIRECTION((1.,0.,0.));
#6662=IFCAXIS2PLACEMENT3D(#6659,#6660,#6661);
#6663=IFCLOCALPLACEMENT(#91,#6662);
#6664=IFCOWNERHISTORY(#3,#4,.READWRITE.,.MODIFIED.,1788311654,#3,#4,1788311654);
#6665=IFCFLOWTERMINAL('3YD0owaaL6s9ZrIFnfJIgC',#6664,'LED_Troffer_L4_6000.0_-6000.0',$,$,#6675,#268,$);
#6671=IFCCARTESIANPOINT((6000.,-6000.,2999.9999999999982));
#6672=IFCDIRECTION((0.,0.,1.));
#6673=IFCDIRECTION((1.,0.,0.));
#6674=IFCAXIS2PLACEMENT3D(#6671,#6672,#6673);
#6675=IFCLOCALPLACEMENT(#91,#6674);
#6676=IFCOWNERHISTORY(#3,#4,.READWRITE.,.MODIFIED.,1788311654,#3,#4,1788311654);
#6677=IFCFLOWTERMINAL('3Cd_B6nM512vMX_D$RZ0U_',#6676,'LED_Troffer_L4_6000.0_0.0',$,$,#6687,#268,$);
#6683=IFCCARTESIANPOINT((6000.,0.,2999.9999999999982));
#6684=IFCDIRECTION((0.,0.,1.));
#6685=IFCDIRECTION((1.,0.,0.));
#6686=IFCAXIS2PLACEMENT3D(#6683,#6684,#6685);
#6687=IFCLOCALPLACEMENT(#91,#6686);
#6688=IFCOWNERHISTORY(#3,#4,.READWRITE.,.MODIFIED.,1788311654,#3,#4,1788311654);
#6689=IFCFLOWTERMINAL('3HfDgBffHETPdWnLUbIqK1',#6688,'LED_Troffer_L4_6000.0_6000.0',$,$,#6699,#268,$);
#6695=IFCCARTESIANPOINT((6000.,6000.,2999.9999999999982));
#6696=IFCDIRECTION((0.,0.,1.));
#6697=IFCDIRECTION((1.,0.,0.));
#6698=IFCAXIS2PLACEMENT3D(#6695,#6696,#6697);
#6699=IFCLOCALPLACEMENT(#91,#6698);
#6700=IFCOWNERHISTORY(#3,#4,.READWRITE.,.MODIFIED.,1788311654,#3,#4,1788311654);
#6701=IFCFLOWTERMINAL('17DF_eVbP9vvuvS9ZBzcxT',#6700,'LED_Troffer_L4_12000.0_-6000.0',$,$,#6711,#268,$);
#6707=IFCCARTESIANPOINT((12000.,-6000.,2999.9999999999982));
#6708=IFCDIRECTION((0.,0.,1.));
#6709=IFCDIRECTION((1.,0.,0.));
#6710=IFCAXIS2PLACEMENT3D(#6707,#6708,#6709);
#6711=IFCLOCALPLACEMENT(#91,#6710);
#6712=IFCOWNERHISTORY(#3,#4,.READWRITE.,.MODIFIED.,1788311654,#3,#4,1788311654);
#6713=IFCFLOWTERMINAL('1l3dHA_br65vxtP$ASndeM',#6712,'LED_Troffer_L4_12000.0_0.0',$,$,#6723,#268,$);
#6719=IFCCARTESIANPOINT((12000.,0.,2999.9999999999982));
#6720=IFCDIRECTION((0.,0.,1.));
#6721=IFCDIRECTION((1.,0.,0.));
#6722=IFCAXIS2PLACEMENT3D(#6719,#6720,#6721);
#6723=IFCLOCALPLACEMENT(#91,#6722);
#6724=IFCOWNERHISTORY(#3,#4,.READWRITE.,.MODIFIED.,1788311654,#3,#4,1788311654);
#6725=IFCFLOWTERMINAL('2sL7utug1E7B$ZXncpXOdH',#6724,'LED_Troffer_L4_12000.0_6000.0',$,$,#6735,#268,$);
#6731=IFCCARTESIANPOINT((12000.,6000.,2999.9999999999982));
#6732=IFCDIRECTION((0.,0.,1.));
#6733=IFCDIRECTION((1.,0.,0.));
#6734=IFCAXIS2PLACEMENT3D(#6731,#6732,#6733);
#6735=IFCLOCALPLACEMENT(#91,#6734);
#6736=IFCOWNERHISTORY(#3,#4,.READWRITE.,.MODIFIED.,1788311654,#3,#4,1788311654);
#6737=IFCFURNISHINGELEMENT('2YKvFcS152xhAok7nxm$Yz',#6736,'MDF_Rack_01_42U',$,$,#6747,#205,$);
#6743=IFCCARTESIANPOINT((-10000.,-10000.,349.99999999999966));
#6744=IFCDIRECTION((0.,0.,1.));
#6745=IFCDIRECTION((1.,0.,0.));
#6746=IFCAXIS2PLACEMENT3D(#6743,#6744,#6745);
#6747=IFCLOCALPLACEMENT(#79,#6746);
#6748=IFCOWNERHISTORY(#3,#4,.READWRITE.,.MODIFIED.,1788311654,#3,#4,1788311654);
#6749=IFCFURNISHINGELEMENT('3eGACil5X3CfFZlnp8_p3b',#6748,'MDF_Rack_02_42U',$,$,#6759,#205,$);
#6755=IFCCARTESIANPOINT((-8800.,-10000.,349.99999999999966));
#6756=IFCDIRECTION((0.,0.,1.));
#6757=IFCDIRECTION((1.,0.,0.));
#6758=IFCAXIS2PLACEMENT3D(#6755,#6756,#6757);
#6759=IFCLOCALPLACEMENT(#79,#6758);
#6760=IFCOWNERHISTORY(#3,#4,.READWRITE.,.MODIFIED.,1788311654,#3,#4,1788311654);
#6761=IFCFLOWTERMINAL('2CHDFeMC90NvVtj$jAHX5V',#6760,'InRow_CRAC_01',$,$,#6771,#214,$);
#6767=IFCCARTESIANPOINT((-7600.,-10000.,349.99999999999966));
#6768=IFCDIRECTION((0.,0.,1.));
#6769=IFCDIRECTION((1.,0.,0.));
#6770=IFCAXIS2PLACEMENT3D(#6767,#6768,#6769);
#6771=IFCLOCALPLACEMENT(#79,#6770);
#6772=IFCOWNERHISTORY(#3,#4,.READWRITE.,.MODIFIED.,1788311654,#3,#4,1788311654);
#6773=IFCFLOWTERMINAL('3q3f$oLjb5cRFhwF5CIW1D',#6772,'FM200_Gas_Suppression_Battery',$,$,#6783,#223,$);
#6779=IFCCARTESIANPOINT((-12000.,-10000.,349.99999999999966));
#6780=IFCDIRECTION((0.,0.,1.));
#6781=IFCDIRECTION((1.,0.,0.));
#6782=IFCAXIS2PLACEMENT3D(#6779,#6780,#6781);
#6783=IFCLOCALPLACEMENT(#79,#6782);
#6784=IFCOWNERHISTORY(#3,#4,.READWRITE.,.MODIFIED.,1788311654,#3,#4,1788311654);
#6785=IFCFLOWTERMINAL('09ZuGQRO1BWAVop16LYc5x',#6784,'CAM-L3-01 (Turnstiles)',$,$,#6795,#259,$);
#6791=IFCCARTESIANPOINT((-14000.,10000.,2599.9999999999995));
#6792=IFCDIRECTION((0.,0.,1.));
#6793=IFCDIRECTION((1.,0.,0.));
#6794=IFCAXIS2PLACEMENT3D(#6791,#6792,#6793);
#6795=IFCLOCALPLACEMENT(#79,#6794);
#6796=IFCOWNERHISTORY(#3,#4,.READWRITE.,.MODIFIED.,1788311654,#3,#4,1788311654);
#6797=IFCFLOWTERMINAL('3DNqJjHwj5egCyDvjmnskk',#6796,'CAM-L3-02 (Server Corridor)',$,$,#6807,#259,$);
#6803=IFCCARTESIANPOINT((-6000.,-4000.,2599.9999999999995));
#6804=IFCDIRECTION((0.,0.,1.));
#6805=IFCDIRECTION((1.,0.,0.));
#6806=IFCAXIS2PLACEMENT3D(#6803,#6804,#6805);
#6807=IFCLOCALPLACEMENT(#79,#6806);
#6808=IFCOWNERHISTORY(#3,#4,.READWRITE.,.MODIFIED.,1788311654,#3,#4,1788311654);
#6809=IFCFLOWTERMINAL('2EKVeZtp5Dtf23rnXkw8Be',#6808,'CAM-L3-03 (Open Office 360)',$,$,#6819,#259,$);
#6815=IFCCARTESIANPOINT((0.,0.,2800.0000000000005));
#6816=IFCDIRECTION((0.,0.,1.));
#6817=IFCDIRECTION((1.,0.,0.));
#6818=IFCAXIS2PLACEMENT3D(#6815,#6816,#6817);
#6819=IFCLOCALPLACEMENT(#79,#6818);
#6820=IFCOWNERHISTORY(#3,#4,.READWRITE.,.MODIFIED.,1788311654,#3,#4,1788311654);
#6821=IFCFLOWTERMINAL('32DPfUmK1Bq9OGHxrksWo1',#6820,'CAM-L3-04 (Inside MDF)',$,$,#6831,#259,$);
#6827=IFCCARTESIANPOINT((-9000.,-9000.,2599.9999999999995));
#6828=IFCDIRECTION((0.,0.,1.));
#6829=IFCDIRECTION((1.,0.,0.));
#6830=IFCAXIS2PLACEMENT3D(#6827,#6828,#6829);
#6831=IFCLOCALPLACEMENT(#79,#6830);
#6832=IFCOWNERHISTORY(#3,#4,.READWRITE.,.MODIFIED.,1788311654,#3,#4,1788311654);
#6833=IFCFLOWTERMINAL('0N5OrYpfD1VBlJAkgL885K',#6832,'CAM-L4-01 (Elevator Lobby)',$,$,#6843,#259,$);
#6839=IFCCARTESIANPOINT((0.,4000.,2599.9999999999995));
#6840=IFCDIRECTION((0.,0.,1.));
#6841=IFCDIRECTION((1.,0.,0.));
#6842=IFCAXIS2PLACEMENT3D(#6839,#6840,#6841);
#6843=IFCLOCALPLACEMENT(#91,#6842);
#6844=IFCOWNERHISTORY(#3,#4,.READWRITE.,.MODIFIED.,1788311654,#3,#4,1788311654);
#6845=IFCFLOWTERMINAL('37XVapRz92suVXsq$9KP2Z',#6844,'Rooftop_Chiller_01',$,$,#6855,#277,$);
#6851=IFCCARTESIANPOINT((-6000.,0.,350.00000000000142));
#6852=IFCDIRECTION((0.,0.,1.));
#6853=IFCDIRECTION((1.,0.,0.));
#6854=IFCAXIS2PLACEMENT3D(#6851,#6852,#6853);
#6855=IFCLOCALPLACEMENT(#115,#6854);
#6856=IFCOWNERHISTORY(#3,#4,.READWRITE.,.MODIFIED.,1788311654,#3,#4,1788311654);
#6857=IFCFLOWTERMINAL('0sBYbb6mP9jOuCvv4SF3Eh',#6856,'Rooftop_Chiller_02',$,$,#6867,#277,$);
#6863=IFCCARTESIANPOINT((6000.,0.,350.00000000000142));
#6864=IFCDIRECTION((0.,0.,1.));
#6865=IFCDIRECTION((1.,0.,0.));
#6866=IFCAXIS2PLACEMENT3D(#6863,#6864,#6865);
#6867=IFCLOCALPLACEMENT(#115,#6866);
ENDSEC;
END-ISO-10303-21;
